Workbook
Name aggregatetrialthreshold: #REF!
Name cancelfutureyear1: #REF!
Name cancelfutureyear2: #REF!
Name cancelfutureyear3: #REF!
Name cancelfutureyear4: #REF!
Name cancelfutureyear5: #REF!
Name cents: #REF!
Name consmultiplier: #REF!
Name consoutputs: #REF!
Name consprofile: #REF!
Name consprofilemultiplier: #REF!
Name currentyear: #REF!
Name day: #REF!
Name daysperhighsn: #REF!
Name daysperhighsn_currentyear: #REF!
Name daysperhighsn_previousyear: #REF!
Name daysperlowsn: #REF!
Name daysperlowsn_currentyear: #REF!
Name daysperlowsn_previousyear: #REF!
Name daysperossn: #REF!
Name daysperossn_currentyear: #REF!
Name daysperossn_previousyear: #REF!
Name daysperyear: #REF!
Name daysperyear_currentyear: #REF!
Name daysperyear_previousyear: #REF!
Name DNSP: #REF!
Name dollars: #REF!
Name DuosTariffs: #REF!
Name Forecastinflation: #REF!
Name forecastyear: #REF!
Name highsn: #REF!
Name IndicativePricesICYr1: #REF!
Name IndicativePricesICYr2: #REF!
Name IndicativePricesICYr3: #REF!
Name IndicativePricesICYr4: #REF!
Name IndicativePricesICYr5: #REF!
Name IndicativePricesSCSYr1: #REF!
Name IndicativePricesSCSYr2: #REF!
Name IndicativePricesSCSYr3: #REF!
Name IndicativePricesSCSYr4: #REF!
Name IndicativePricesSCSYr5: #REF!
Name individualtrialthreshold: #REF!
Name JSTariffs: #REF!
Name lowsn: #REF!
Name materialitythreshold: #REF!
Name millions: #REF!
Name month: #REF!
Name ossn: #REF!
Name outputsmultiplier: #REF!
Name outputtableunits: #REF!
Name previousyear: #REF!
Name RCP_firstyear: #REF!
Name RCP_fourthyear: #REF!
Name RCP_lastyear: #REF!
Name RCP_secondyear: #REF!
Name RCP_thirdyear: #REF!
Name RCPminus1: #REF!
Name RCPminus2: #REF!
Name RCPminus3: #REF!
Name RCPminus4: #REF!

Sheet Network 2026-27
B2: Network tariff schedule
B3: Date of Application - 1 July 2026 | G3: Fixed | H3: Anytime | I3: Block 1 | J3: Block 2 | K3: Peak | L3: Shoulder | M3: Summer peak | N3: Summer shoulder | O3: Winter peak | P3: Off-peak | Q3: Dedicated | R3: Solar soak | S3: Export charge | T3: Export reward | U3: Capacity | V3: Critical peak | W3: Monthly peak | X3: Monthly off-peak
B5: Tariff class | C5: Tariff code | D5: Tariff Structure | E5: Description | F5: Closed to New Entrants | G5: Standing charge | H5: Anytime | I5: Block 1 | J5: Block 2 | K5: Peak | L5: Shoulder all year | M5: Summer peak | N5: Summer shoulder | O5: Winter peak | P5: Off Peak | Q5: Dedicated circuit | R5: Solar soak | S5: Export charge^ | T5: Export reward | U5: Capacity | V5: Critical peak demand | W5: Monthly peak kW demand | X5: Monthly off peak kW demand
G6: $/year | H6: c/kWh | I6: c/kWh | J6: c/kWh | K6: c/kWh | L6: c/kWh | M6: c/kWh | N6: c/kWh | O6: c/kWh | P6: c/kWh | Q6: c/kWh | R6: c/kWh | S6: c/kWh | T6: c/kWh | U6: $/kVA/yr | V6: $/kVA/yr | W6: $/kW/mth | X6: $/kW/mth
B7: Residential | C7: NEE11 | D7: 1 | E7: Small single rate | F7: No | G7: =IF(SUM('Distribution 2026-27:Jurisdictional 2026-27'!G7)=0,"",SUM('Distribution 2026-27:Jurisdictional 2026-27'!G7)) -> 145.30522 | H7: =IF(SUM('Distribution 2026-27:Jurisdictional 2026-27'!H7)=0,"",SUM('Distribution 2026-27:Jurisdictional 2026-27'!H7)) | I7: =IF(SUM('Distribution 2026-27:Jurisdictional 2026-27'!I7)=0,"",SUM('Distribution 2026-27:Jurisdictional 2026-27'!I7)) -> 13.429652 | J7: =IF(SUM('Distribution 2026-27:Jurisdictional 2026-27'!J7)=0,"",SUM('Distribution 2026-27:Jurisdictional 2026-27'!J7)) -> 13.429652 | K7: =IF(SUM('Distribution 2026-27:Jurisdictional 2026-27'!K7)=0,"",SUM('Distribution 2026-27:Jurisdictional 2026-27'!K7)) | L7: =IF(SUM('Distribution 2026-27:Jurisdictional 2026-27'!L7)=0,"",SUM('Distribution 2026-27:Jurisdictional 2026-27'!L7)) | M7: =IF(SUM('Distribution 2026-27:Jurisdictional 2026-27'!M7)=0,"",SUM('Distribution 2026-27:Jurisdictional 2026-27'!M7)) | N7: =IF(SUM('Distribution 2026-27:Jurisdictional 2026-27'!N7)=0,"",SUM('Distribution 2026-27:Jurisdictional 2026-27'!N7)) | ... X7: =IF(SUM('Distribution 2026-27:Jurisdictional 2026-27'!X7)=0,"",SUM('Distribution 2026-27:Jurisdictional 2026-27'!X7))
C8: NEE11S | D8: 1 | E8: Small single rate standard feed in | F8: No | G8: =IF(SUM('Distribution 2026-27:Jurisdictional 2026-27'!G8)=0,"",SUM('Distribution 2026-27:Jurisdictional 2026-27'!G8)) -> 145.30522 | H8: =IF(SUM('Distribution 2026-27:Jurisdictional 2026-27'!H8)=0,"",SUM('Distribution 2026-27:Jurisdictional 2026-27'!H8)) | I8: =IF(SUM('Distribution 2026-27:Jurisdictional 2026-27'!I8)=0,"",SUM('Distribution 2026-27:Jurisdictional 2026-27'!I8)) -> 13.429652 | J8: =IF(SUM('Distribution 2026-27:Jurisdictional 2026-27'!J8)=0,"",SUM('Distribution 2026-27:Jurisdictional 2026-27'!J8)) -> 13.429652 | K8: =IF(SUM('Distribution 2026-27:Jurisdictional 2026-27'!K8)=0,"",SUM('Distribution 2026-27:Jurisdictional 2026-27'!K8)) | L8: =IF(SUM('Distribution 2026-27:Jurisdictional 2026-27'!L8)=0,"",SUM('Distribution 2026-27:Jurisdictional 2026-27'!L8)) | M8: =IF(SUM('Distribution 2026-27:Jurisdictional 2026-27'!M8)=0,"",SUM('Distribution 2026-27:Jurisdictional 2026-27'!M8)) | N8: =IF(SUM('Distribution 2026-27:Jurisdictional 2026-27'!N8)=0,"",SUM('Distribution 2026-27:Jurisdictional 2026-27'!N8)) | ... X8: =IF(SUM('Distribution 2026-27:Jurisdictional 2026-27'!X8)=0,"",SUM('Distribution 2026-27:Jurisdictional 2026-27'!X8))
C9: NEE19 | D9: 1 & 19 | E9: Small single rate & dedicated circuit 24 hour | F9: No | G9: =IF(SUM('Distribution 2026-27:Jurisdictional 2026-27'!G9)=0,"",SUM('Distribution 2026-27:Jurisdictional 2026-27'!G9)) -> 145.30522 | H9: =IF(SUM('Distribution 2026-27:Jurisdictional 2026-27'!H9)=0,"",SUM('Distribution 2026-27:Jurisdictional 2026-27'!H9)) | I9: =IF(SUM('Distribution 2026-27:Jurisdictional 2026-27'!I9)=0,"",SUM('Distribution 2026-27:Jurisdictional 2026-27'!I9)) -> 13.429652 | J9: =IF(SUM('Distribution 2026-27:Jurisdictional 2026-27'!J9)=0,"",SUM('Distribution 2026-27:Jurisdictional 2026-27'!J9)) -> 13.429652 | K9: =IF(SUM('Distribution 2026-27:Jurisdictional 2026-27'!K9)=0,"",SUM('Distribution 2026-27:Jurisdictional 2026-27'!K9)) | L9: =IF(SUM('Distribution 2026-27:Jurisdictional 2026-27'!L9)=0,"",SUM('Distribution 2026-27:Jurisdictional 2026-27'!L9)) | M9: =IF(SUM('Distribution 2026-27:Jurisdictional 2026-27'!M9)=0,"",SUM('Distribution 2026-27:Jurisdictional 2026-27'!M9)) | N9: =IF(SUM('Distribution 2026-27:Jurisdictional 2026-27'!N9)=0,"",SUM('Distribution 2026-27:Jurisdictional 2026-27'!N9)) | ... X9: =IF(SUM('Distribution 2026-27:Jurisdictional 2026-27'!X9)=0,"",SUM('Distribution 2026-27:Jurisdictional 2026-27'!X9))
C10: NASS11 | D10: 21 | E10: Small residential time of use | F10: No | G10: =IF(SUM('Distribution 2026-27:Jurisdictional 2026-27'!G10)=0,"",SUM('Distribution 2026-27:Jurisdictional 2026-27'!G10)) -> 145.30522 | H10: =IF(SUM('Distribution 2026-27:Jurisdictional 2026-27'!H10)=0,"",SUM('Distribution 2026-27:Jurisdictional 2026-27'!H10)) | I10: =IF(SUM('Distribution 2026-27:Jurisdictional 2026-27'!I10)=0,"",SUM('Distribution 2026-27:Jurisdictional 2026-27'!I10)) | J10: =IF(SUM('Distribution 2026-27:Jurisdictional 2026-27'!J10)=0,"",SUM('Distribution 2026-27:Jurisdictional 2026-27'!J10)) | K10: =IF(SUM('Distribution 2026-27:Jurisdictional 2026-27'!K10)=0,"",SUM('Distribution 2026-27:Jurisdictional 2026-27'!K10)) -> 26.955621 | L10: =IF(SUM('Distribution 2026-27:Jurisdictional 2026-27'!L10)=0,"",SUM('Distribution 2026-27:Jurisdictional 2026-27'!L10)) | M10: =IF(SUM('Distribution 2026-27:Jurisdictional 2026-27'!M10)=0,"",SUM('Distribution 2026-27:Jurisdictional 2026-27'!M10)) | N10: =IF(SUM('Distribution 2026-27:Jurisdictional 2026-27'!N10)=0,"",SUM('Distribution 2026-27:Jurisdictional 2026-27'!N10)) | ... X10: =IF(SUM('Distribution 2026-27:Jurisdictional 2026-27'!X10)=0,"",SUM('Distribution 2026-27:Jurisdictional 2026-27'!X10)) | AB10: NAST11
C11: NASS11S | D11: 21 | E11: Small residential time of use standard feed in | F11: No | G11: =IF(SUM('Distribution 2026-27:Jurisdictional 2026-27'!G11)=0,"",SUM('Distribution 2026-27:Jurisdictional 2026-27'!G11)) -> 145.30522 | H11: =IF(SUM('Distribution 2026-27:Jurisdictional 2026-27'!H11)=0,"",SUM('Distribution 2026-27:Jurisdictional 2026-27'!H11)) | I11: =IF(SUM('Distribution 2026-27:Jurisdictional 2026-27'!I11)=0,"",SUM('Distribution 2026-27:Jurisdictional 2026-27'!I11)) | J11: =IF(SUM('Distribution 2026-27:Jurisdictional 2026-27'!J11)=0,"",SUM('Distribution 2026-27:Jurisdictional 2026-27'!J11)) | K11: =IF(SUM('Distribution 2026-27:Jurisdictional 2026-27'!K11)=0,"",SUM('Distribution 2026-27:Jurisdictional 2026-27'!K11)) -> 26.955621 | L11: =IF(SUM('Distribution 2026-27:Jurisdictional 2026-27'!L11)=0,"",SUM('Distribution 2026-27:Jurisdictional 2026-27'!L11)) | M11: =IF(SUM('Distribution 2026-27:Jurisdictional 2026-27'!M11)=0,"",SUM('Distribution 2026-27:Jurisdictional 2026-27'!M11)) | N11: =IF(SUM('Distribution 2026-27:Jurisdictional 2026-27'!N11)=0,"",SUM('Distribution 2026-27:Jurisdictional 2026-27'!N11)) | ... X11: =IF(SUM('Distribution 2026-27:Jurisdictional 2026-27'!X11)=0,"",SUM('Distribution 2026-27:Jurisdictional 2026-27'!X11)) | AB11: NAST11S
C12: NAST17 | D12: 19 & 21 | E12: Small residential time of use & dedicated circuit 24 hour | F12: No | G12: =IF(SUM('Distribution 2026-27:Jurisdictional 2026-27'!G12)=0,"",SUM('Distribution 2026-27:Jurisdictional 2026-27'!G12)) -> 145.30522 | H12: =IF(SUM('Distribution 2026-27:Jurisdictional 2026-27'!H12)=0,"",SUM('Distribution 2026-27:Jurisdictional 2026-27'!H12)) | I12: =IF(SUM('Distribution 2026-27:Jurisdictional 2026-27'!I12)=0,"",SUM('Distribution 2026-27:Jurisdictional 2026-27'!I12)) | J12: =IF(SUM('Distribution 2026-27:Jurisdictional 2026-27'!J12)=0,"",SUM('Distribution 2026-27:Jurisdictional 2026-27'!J12)) | K12: =IF(SUM('Distribution 2026-27:Jurisdictional 2026-27'!K12)=0,"",SUM('Distribution 2026-27:Jurisdictional 2026-27'!K12)) -> 26.955621 | L12: =IF(SUM('Distribution 2026-27:Jurisdictional 2026-27'!L12)=0,"",SUM('Distribution 2026-27:Jurisdictional 2026-27'!L12)) | M12: =IF(SUM('Distribution 2026-27:Jurisdictional 2026-27'!M12)=0,"",SUM('Distribution 2026-27:Jurisdictional 2026-27'!M12)) | N12: =IF(SUM('Distribution 2026-27:Jurisdictional 2026-27'!N12)=0,"",SUM('Distribution 2026-27:Jurisdictional 2026-27'!N12)) | ... X12: =IF(SUM('Distribution 2026-27:Jurisdictional 2026-27'!X12)=0,"",SUM('Distribution 2026-27:Jurisdictional 2026-27'!X12))
C13: NEE24 | D13: 4 | E13: Small two rate 8:00 to 8:00* | F13: Yes | G13: =IF(SUM('Distribution 2026-27:Jurisdictional 2026-27'!G13)=0,"",SUM('Distribution 2026-27:Jurisdictional 2026-27'!G13)) -> 145.30522 | H13: =IF(SUM('Distribution 2026-27:Jurisdictional 2026-27'!H13)=0,"",SUM('Distribution 2026-27:Jurisdictional 2026-27'!H13)) | I13: =IF(SUM('Distribution 2026-27:Jurisdictional 2026-27'!I13)=0,"",SUM('Distribution 2026-27:Jurisdictional 2026-27'!I13)) | J13: =IF(SUM('Distribution 2026-27:Jurisdictional 2026-27'!J13)=0,"",SUM('Distribution 2026-27:Jurisdictional 2026-27'!J13)) | K13: =IF(SUM('Distribution 2026-27:Jurisdictional 2026-27'!K13)=0,"",SUM('Distribution 2026-27:Jurisdictional 2026-27'!K13)) -> 12.053444 | L13: =IF(SUM('Distribution 2026-27:Jurisdictional 2026-27'!L13)=0,"",SUM('Distribution 2026-27:Jurisdictional 2026-27'!L13)) | M13: =IF(SUM('Distribution 2026-27:Jurisdictional 2026-27'!M13)=0,"",SUM('Distribution 2026-27:Jurisdictional 2026-27'!M13)) | N13: =IF(SUM('Distribution 2026-27:Jurisdictional 2026-27'!N13)=0,"",SUM('Distribution 2026-27:Jurisdictional 2026-27'!N13)) | ... X13: =IF(SUM('Distribution 2026-27:Jurisdictional 2026-27'!X13)=0,"",SUM('Distribution 2026-27:Jurisdictional 2026-27'!X13))
C14: NSP20 | D14: 7 | E14: Small interval meter time of use | F14: Yes | G14: =IF(SUM('Distribution 2026-27:Jurisdictional 2026-27'!G14)=0,"",SUM('Distribution 2026-27:Jurisdictional 2026-27'!G14)) -> 145.30522 | H14: =IF(SUM('Distribution 2026-27:Jurisdictional 2026-27'!H14)=0,"",SUM('Distribution 2026-27:Jurisdictional 2026-27'!H14)) | I14: =IF(SUM('Distribution 2026-27:Jurisdictional 2026-27'!I14)=0,"",SUM('Distribution 2026-27:Jurisdictional 2026-27'!I14)) | J14: =IF(SUM('Distribution 2026-27:Jurisdictional 2026-27'!J14)=0,"",SUM('Distribution 2026-27:Jurisdictional 2026-27'!J14)) | K14: =IF(SUM('Distribution 2026-27:Jurisdictional 2026-27'!K14)=0,"",SUM('Distribution 2026-27:Jurisdictional 2026-27'!K14)) | L14: =IF(SUM('Distribution 2026-27:Jurisdictional 2026-27'!L14)=0,"",SUM('Distribution 2026-27:Jurisdictional 2026-27'!L14)) | M14: =IF(SUM('Distribution 2026-27:Jurisdictional 2026-27'!M14)=0,"",SUM('Distribution 2026-27:Jurisdictional 2026-27'!M14)) -> 47.802974 | N14: =IF(SUM('Distribution 2026-27:Jurisdictional 2026-27'!N14)=0,"",SUM('Distribution 2026-27:Jurisdictional 2026-27'!N14)) -> 42.259581 | ... X14: =IF(SUM('Distribution 2026-27:Jurisdictional 2026-27'!X14)=0,"",SUM('Distribution 2026-27:Jurisdictional 2026-27'!X14))
C15: NSP23 | D15: 7 | E15: Small interval meter time of use solar installation standard feed in | F15: Yes | G15: =IF(SUM('Distribution 2026-27:Jurisdictional 2026-27'!G15)=0,"",SUM('Distribution 2026-27:Jurisdictional 2026-27'!G15)) -> 145.30522 | H15: =IF(SUM('Distribution 2026-27:Jurisdictional 2026-27'!H15)=0,"",SUM('Distribution 2026-27:Jurisdictional 2026-27'!H15)) | I15: =IF(SUM('Distribution 2026-27:Jurisdictional 2026-27'!I15)=0,"",SUM('Distribution 2026-27:Jurisdictional 2026-27'!I15)) | J15: =IF(SUM('Distribution 2026-27:Jurisdictional 2026-27'!J15)=0,"",SUM('Distribution 2026-27:Jurisdictional 2026-27'!J15)) | K15: =IF(SUM('Distribution 2026-27:Jurisdictional 2026-27'!K15)=0,"",SUM('Distribution 2026-27:Jurisdictional 2026-27'!K15)) | L15: =IF(SUM('Distribution 2026-27:Jurisdictional 2026-27'!L15)=0,"",SUM('Distribution 2026-27:Jurisdictional 2026-27'!L15)) | M15: =IF(SUM('Distribution 2026-27:Jurisdictional 2026-27'!M15)=0,"",SUM('Distribution 2026-27:Jurisdictional 2026-27'!M15)) -> 47.802974 | N15: =IF(SUM('Distribution 2026-27:Jurisdictional 2026-27'!N15)=0,"",SUM('Distribution 2026-27:Jurisdictional 2026-27'!N15)) -> 42.259581 | ... X15: =IF(SUM('Distribution 2026-27:Jurisdictional 2026-27'!X15)=0,"",SUM('Distribution 2026-27:Jurisdictional 2026-27'!X15))
C16: NEE30 | D16: 9 | E16: Small dedicated circuit | F16: Yes | G16: =IF(SUM('Distribution 2026-27:Jurisdictional 2026-27'!G16)=0,"",SUM('Distribution 2026-27:Jurisdictional 2026-27'!G16)) | H16: =IF(SUM('Distribution 2026-27:Jurisdictional 2026-27'!H16)=0,"",SUM('Distribution 2026-27:Jurisdictional 2026-27'!H16)) | I16: =IF(SUM('Distribution 2026-27:Jurisdictional 2026-27'!I16)=0,"",SUM('Distribution 2026-27:Jurisdictional 2026-27'!I16)) | J16: =IF(SUM('Distribution 2026-27:Jurisdictional 2026-27'!J16)=0,"",SUM('Distribution 2026-27:Jurisdictional 2026-27'!J16)) | K16: =IF(SUM('Distribution 2026-27:Jurisdictional 2026-27'!K16)=0,"",SUM('Distribution 2026-27:Jurisdictional 2026-27'!K16)) | L16: =IF(SUM('Distribution 2026-27:Jurisdictional 2026-27'!L16)=0,"",SUM('Distribution 2026-27:Jurisdictional 2026-27'!L16)) | M16: =IF(SUM('Distribution 2026-27:Jurisdictional 2026-27'!M16)=0,"",SUM('Distribution 2026-27:Jurisdictional 2026-27'!M16)) | N16: =IF(SUM('Distribution 2026-27:Jurisdictional 2026-27'!N16)=0,"",SUM('Distribution 2026-27:Jurisdictional 2026-27'!N16)) | ... X16: =IF(SUM('Distribution 2026-27:Jurisdictional 2026-27'!X16)=0,"",SUM('Distribution 2026-27:Jurisdictional 2026-27'!X16))
C17: NEE31 | D17: 10 | E17: Small dedicated circuit with afternoon boost | F17: Yes | G17: =IF(SUM('Distribution 2026-27:Jurisdictional 2026-27'!G17)=0,"",SUM('Distribution 2026-27:Jurisdictional 2026-27'!G17)) | H17: =IF(SUM('Distribution 2026-27:Jurisdictional 2026-27'!H17)=0,"",SUM('Distribution 2026-27:Jurisdictional 2026-27'!H17)) | I17: =IF(SUM('Distribution 2026-27:Jurisdictional 2026-27'!I17)=0,"",SUM('Distribution 2026-27:Jurisdictional 2026-27'!I17)) | J17: =IF(SUM('Distribution 2026-27:Jurisdictional 2026-27'!J17)=0,"",SUM('Distribution 2026-27:Jurisdictional 2026-27'!J17)) | K17: =IF(SUM('Distribution 2026-27:Jurisdictional 2026-27'!K17)=0,"",SUM('Distribution 2026-27:Jurisdictional 2026-27'!K17)) | L17: =IF(SUM('Distribution 2026-27:Jurisdictional 2026-27'!L17)=0,"",SUM('Distribution 2026-27:Jurisdictional 2026-27'!L17)) | M17: =IF(SUM('Distribution 2026-27:Jurisdictional 2026-27'!M17)=0,"",SUM('Distribution 2026-27:Jurisdictional 2026-27'!M17)) | N17: =IF(SUM('Distribution 2026-27:Jurisdictional 2026-27'!N17)=0,"",SUM('Distribution 2026-27:Jurisdictional 2026-27'!N17)) | ... X17: =IF(SUM('Distribution 2026-27:Jurisdictional 2026-27'!X17)=0,"",SUM('Distribution 2026-27:Jurisdictional 2026-27'!X17))
C18: NEE32 | D18: 11 | E18: Small dedicated circuit 8:00 to 8:00 | F18: Yes | G18: =IF(SUM('Distribution 2026-27:Jurisdictional 2026-27'!G18)=0,"",SUM('Distribution 2026-27:Jurisdictional 2026-27'!G18)) | H18: =IF(SUM('Distribution 2026-27:Jurisdictional 2026-27'!H18)=0,"",SUM('Distribution 2026-27:Jurisdictional 2026-27'!H18)) | I18: =IF(SUM('Distribution 2026-27:Jurisdictional 2026-27'!I18)=0,"",SUM('Distribution 2026-27:Jurisdictional 2026-27'!I18)) | J18: =IF(SUM('Distribution 2026-27:Jurisdictional 2026-27'!J18)=0,"",SUM('Distribution 2026-27:Jurisdictional 2026-27'!J18)) | K18: =IF(SUM('Distribution 2026-27:Jurisdictional 2026-27'!K18)=0,"",SUM('Distribution 2026-27:Jurisdictional 2026-27'!K18)) | L18: =IF(SUM('Distribution 2026-27:Jurisdictional 2026-27'!L18)=0,"",SUM('Distribution 2026-27:Jurisdictional 2026-27'!L18)) | M18: =IF(SUM('Distribution 2026-27:Jurisdictional 2026-27'!M18)=0,"",SUM('Distribution 2026-27:Jurisdictional 2026-27'!M18)) | N18: =IF(SUM('Distribution 2026-27:Jurisdictional 2026-27'!N18)=0,"",SUM('Distribution 2026-27:Jurisdictional 2026-27'!N18)) | ... X18: =IF(SUM('Distribution 2026-27:Jurisdictional 2026-27'!X18)=0,"",SUM('Distribution 2026-27:Jurisdictional 2026-27'!X18))
C19: NEE33 | D19: 19 | E19: Small dedicated circuit 24 hour | F19: Yes | G19: =IF(SUM('Distribution 2026-27:Jurisdictional 2026-27'!G19)=0,"",SUM('Distribution 2026-27:Jurisdictional 2026-27'!G19)) | H19: =IF(SUM('Distribution 2026-27:Jurisdictional 2026-27'!H19)=0,"",SUM('Distribution 2026-27:Jurisdictional 2026-27'!H19)) | I19: =IF(SUM('Distribution 2026-27:Jurisdictional 2026-27'!I19)=0,"",SUM('Distribution 2026-27:Jurisdictional 2026-27'!I19)) | J19: =IF(SUM('Distribution 2026-27:Jurisdictional 2026-27'!J19)=0,"",SUM('Distribution 2026-27:Jurisdictional 2026-27'!J19)) | K19: =IF(SUM('Distribution 2026-27:Jurisdictional 2026-27'!K19)=0,"",SUM('Distribution 2026-27:Jurisdictional 2026-27'!K19)) | L19: =IF(SUM('Distribution 2026-27:Jurisdictional 2026-27'!L19)=0,"",SUM('Distribution 2026-27:Jurisdictional 2026-27'!L19)) | M19: =IF(SUM('Distribution 2026-27:Jurisdictional 2026-27'!M19)=0,"",SUM('Distribution 2026-27:Jurisdictional 2026-27'!M19)) | N19: =IF(SUM('Distribution 2026-27:Jurisdictional 2026-27'!N19)=0,"",SUM('Distribution 2026-27:Jurisdictional 2026-27'!N19)) | ... X19: =IF(SUM('Distribution 2026-27:Jurisdictional 2026-27'!X19)=0,"",SUM('Distribution 2026-27:Jurisdictional 2026-27'!X19))
C20: RCER11 | D20: 20 | E20: Residential CER | F20: No | G20: =IF(SUM('Distribution 2026-27:Jurisdictional 2026-27'!G20)=0,"",SUM('Distribution 2026-27:Jurisdictional 2026-27'!G20)) -> 145.30522 | H20: =IF(SUM('Distribution 2026-27:Jurisdictional 2026-27'!H20)=0,"",SUM('Distribution 2026-27:Jurisdictional 2026-27'!H20)) | I20: =IF(SUM('Distribution 2026-27:Jurisdictional 2026-27'!I20)=0,"",SUM('Distribution 2026-27:Jurisdictional 2026-27'!I20)) | J20: =IF(SUM('Distribution 2026-27:Jurisdictional 2026-27'!J20)=0,"",SUM('Distribution 2026-27:Jurisdictional 2026-27'!J20)) | K20: =IF(SUM('Distribution 2026-27:Jurisdictional 2026-27'!K20)=0,"",SUM('Distribution 2026-27:Jurisdictional 2026-27'!K20)) -> 26.955621 | L20: =IF(SUM('Distribution 2026-27:Jurisdictional 2026-27'!L20)=0,"",SUM('Distribution 2026-27:Jurisdictional 2026-27'!L20)) | M20: =IF(SUM('Distribution 2026-27:Jurisdictional 2026-27'!M20)=0,"",SUM('Distribution 2026-27:Jurisdictional 2026-27'!M20)) | N20: =IF(SUM('Distribution 2026-27:Jurisdictional 2026-27'!N20)=0,"",SUM('Distribution 2026-27:Jurisdictional 2026-27'!N20)) | ... X20: =IF(SUM('Distribution 2026-27:Jurisdictional 2026-27'!X20)=0,"",SUM('Distribution 2026-27:Jurisdictional 2026-27'!X20))
B22: * Available to customers in rural areas with heating requirement
B23: * Includes a BEL of 1 kWh per day
B25: Tariff class | C25: Tariff code | D25: Tariff Structure | E25: Description | F25: Closed to New Entrants | G25: Standing charge | H25: Anytime | I25: Block 1 | J25: Block 2 | K25: Peak | L25: Shoulder all year | M25: Summer peak | N25: Summer shoulder | O25: Winter peak | P25: Off Peak | Q25: Dedicated circuit | R25: Solar soak | S25: Export charge | T25: Export reward | U25: Capacity | V25: Critical peak demand | W25: Monthly peak kW demand | X25: Monthly off peak kW demand
G26: $/year | H26: c/kWh | I26: c/kWh | J26: c/kWh | K26: c/kWh | L26: c/kWh | M26: c/kWh | N26: c/kWh | O26: c/kWh | P26: c/kWh | Q26: c/kWh | R26: c/kWh | S26: c/kWh | T26: c/kWh | U26: $/kVA/yr | V26: $/kVA/yr | W26: $/kW/mth | X26: $/kW/mth
B27: Small industrial & commercial | C27: NEE12 | D27: 1 | E27: Small single rate | F27: No | G27: =IF(SUM('Distribution 2026-27:Jurisdictional 2026-27'!G27)=0,"",SUM('Distribution 2026-27:Jurisdictional 2026-27'!G27)) -> 148.93785 | H27: =IF(SUM('Distribution 2026-27:Jurisdictional 2026-27'!H27)=0,"",SUM('Distribution 2026-27:Jurisdictional 2026-27'!H27)) | I27: =IF(SUM('Distribution 2026-27:Jurisdictional 2026-27'!I27)=0,"",SUM('Distribution 2026-27:Jurisdictional 2026-27'!I27)) -> 17.607284 | J27: =IF(SUM('Distribution 2026-27:Jurisdictional 2026-27'!J27)=0,"",SUM('Distribution 2026-27:Jurisdictional 2026-27'!J27)) -> 17.607284 | K27: =IF(SUM('Distribution 2026-27:Jurisdictional 2026-27'!K27)=0,"",SUM('Distribution 2026-27:Jurisdictional 2026-27'!K27)) | L27: =IF(SUM('Distribution 2026-27:Jurisdictional 2026-27'!L27)=0,"",SUM('Distribution 2026-27:Jurisdictional 2026-27'!L27)) | M27: =IF(SUM('Distribution 2026-27:Jurisdictional 2026-27'!M27)=0,"",SUM('Distribution 2026-27:Jurisdictional 2026-27'!M27)) | N27: =IF(SUM('Distribution 2026-27:Jurisdictional 2026-27'!N27)=0,"",SUM('Distribution 2026-27:Jurisdictional 2026-27'!N27)) | ... X27: =IF(SUM('Distribution 2026-27:Jurisdictional 2026-27'!X27)=0,"",SUM('Distribution 2026-27:Jurisdictional 2026-27'!X27))
C28: NEE12S | D28: 1 | E28: Small single rate standard feed in | F28: No | G28: =IF(SUM('Distribution 2026-27:Jurisdictional 2026-27'!G28)=0,"",SUM('Distribution 2026-27:Jurisdictional 2026-27'!G28)) -> 148.93785 | H28: =IF(SUM('Distribution 2026-27:Jurisdictional 2026-27'!H28)=0,"",SUM('Distribution 2026-27:Jurisdictional 2026-27'!H28)) | I28: =IF(SUM('Distribution 2026-27:Jurisdictional 2026-27'!I28)=0,"",SUM('Distribution 2026-27:Jurisdictional 2026-27'!I28)) -> 17.607284 | J28: =IF(SUM('Distribution 2026-27:Jurisdictional 2026-27'!J28)=0,"",SUM('Distribution 2026-27:Jurisdictional 2026-27'!J28)) -> 17.607284 | K28: =IF(SUM('Distribution 2026-27:Jurisdictional 2026-27'!K28)=0,"",SUM('Distribution 2026-27:Jurisdictional 2026-27'!K28)) | L28: =IF(SUM('Distribution 2026-27:Jurisdictional 2026-27'!L28)=0,"",SUM('Distribution 2026-27:Jurisdictional 2026-27'!L28)) | M28: =IF(SUM('Distribution 2026-27:Jurisdictional 2026-27'!M28)=0,"",SUM('Distribution 2026-27:Jurisdictional 2026-27'!M28)) | N28: =IF(SUM('Distribution 2026-27:Jurisdictional 2026-27'!N28)=0,"",SUM('Distribution 2026-27:Jurisdictional 2026-27'!N28)) | ... X28: =IF(SUM('Distribution 2026-27:Jurisdictional 2026-27'!X28)=0,"",SUM('Distribution 2026-27:Jurisdictional 2026-27'!X28))
C29: NEE16 | D29: 1 & 9 | E29: Small single rate & dedicated circuit | F29: Yes | G29: =IF(SUM('Distribution 2026-27:Jurisdictional 2026-27'!G29)=0,"",SUM('Distribution 2026-27:Jurisdictional 2026-27'!G29)) -> 148.93785 | H29: =IF(SUM('Distribution 2026-27:Jurisdictional 2026-27'!H29)=0,"",SUM('Distribution 2026-27:Jurisdictional 2026-27'!H29)) | I29: =IF(SUM('Distribution 2026-27:Jurisdictional 2026-27'!I29)=0,"",SUM('Distribution 2026-27:Jurisdictional 2026-27'!I29)) -> 17.607284 | J29: =IF(SUM('Distribution 2026-27:Jurisdictional 2026-27'!J29)=0,"",SUM('Distribution 2026-27:Jurisdictional 2026-27'!J29)) -> 17.607284 | K29: =IF(SUM('Distribution 2026-27:Jurisdictional 2026-27'!K29)=0,"",SUM('Distribution 2026-27:Jurisdictional 2026-27'!K29)) | L29: =IF(SUM('Distribution 2026-27:Jurisdictional 2026-27'!L29)=0,"",SUM('Distribution 2026-27:Jurisdictional 2026-27'!L29)) | M29: =IF(SUM('Distribution 2026-27:Jurisdictional 2026-27'!M29)=0,"",SUM('Distribution 2026-27:Jurisdictional 2026-27'!M29)) | N29: =IF(SUM('Distribution 2026-27:Jurisdictional 2026-27'!N29)=0,"",SUM('Distribution 2026-27:Jurisdictional 2026-27'!N29)) | ... X29: =IF(SUM('Distribution 2026-27:Jurisdictional 2026-27'!X29)=0,"",SUM('Distribution 2026-27:Jurisdictional 2026-27'!X29))
C30: NEE17 | D30: 1 & 10 | E30: Small single rate & dedicated circuit with afternoon boost | F30: Yes | G30: =IF(SUM('Distribution 2026-27:Jurisdictional 2026-27'!G30)=0,"",SUM('Distribution 2026-27:Jurisdictional 2026-27'!G30)) -> 148.93785 | H30: =IF(SUM('Distribution 2026-27:Jurisdictional 2026-27'!H30)=0,"",SUM('Distribution 2026-27:Jurisdictional 2026-27'!H30)) | I30: =IF(SUM('Distribution 2026-27:Jurisdictional 2026-27'!I30)=0,"",SUM('Distribution 2026-27:Jurisdictional 2026-27'!I30)) -> 17.607284 | J30: =IF(SUM('Distribution 2026-27:Jurisdictional 2026-27'!J30)=0,"",SUM('Distribution 2026-27:Jurisdictional 2026-27'!J30)) -> 17.607284 | K30: =IF(SUM('Distribution 2026-27:Jurisdictional 2026-27'!K30)=0,"",SUM('Distribution 2026-27:Jurisdictional 2026-27'!K30)) | L30: =IF(SUM('Distribution 2026-27:Jurisdictional 2026-27'!L30)=0,"",SUM('Distribution 2026-27:Jurisdictional 2026-27'!L30)) | M30: =IF(SUM('Distribution 2026-27:Jurisdictional 2026-27'!M30)=0,"",SUM('Distribution 2026-27:Jurisdictional 2026-27'!M30)) | N30: =IF(SUM('Distribution 2026-27:Jurisdictional 2026-27'!N30)=0,"",SUM('Distribution 2026-27:Jurisdictional 2026-27'!N30)) | ... X30: =IF(SUM('Distribution 2026-27:Jurisdictional 2026-27'!X30)=0,"",SUM('Distribution 2026-27:Jurisdictional 2026-27'!X30))
C31: NEE18 | D31: 1 & 11 | E31: Small single rate & dedicated circuit 8:00 to 8:00 | F31: Yes | G31: =IF(SUM('Distribution 2026-27:Jurisdictional 2026-27'!G31)=0,"",SUM('Distribution 2026-27:Jurisdictional 2026-27'!G31)) -> 148.93785 | H31: =IF(SUM('Distribution 2026-27:Jurisdictional 2026-27'!H31)=0,"",SUM('Distribution 2026-27:Jurisdictional 2026-27'!H31)) | I31: =IF(SUM('Distribution 2026-27:Jurisdictional 2026-27'!I31)=0,"",SUM('Distribution 2026-27:Jurisdictional 2026-27'!I31)) -> 17.607284 | J31: =IF(SUM('Distribution 2026-27:Jurisdictional 2026-27'!J31)=0,"",SUM('Distribution 2026-27:Jurisdictional 2026-27'!J31)) -> 17.607284 | K31: =IF(SUM('Distribution 2026-27:Jurisdictional 2026-27'!K31)=0,"",SUM('Distribution 2026-27:Jurisdictional 2026-27'!K31)) | L31: =IF(SUM('Distribution 2026-27:Jurisdictional 2026-27'!L31)=0,"",SUM('Distribution 2026-27:Jurisdictional 2026-27'!L31)) | M31: =IF(SUM('Distribution 2026-27:Jurisdictional 2026-27'!M31)=0,"",SUM('Distribution 2026-27:Jurisdictional 2026-27'!M31)) | N31: =IF(SUM('Distribution 2026-27:Jurisdictional 2026-27'!N31)=0,"",SUM('Distribution 2026-27:Jurisdictional 2026-27'!N31)) | ... X31: =IF(SUM('Distribution 2026-27:Jurisdictional 2026-27'!X31)=0,"",SUM('Distribution 2026-27:Jurisdictional 2026-27'!X31))
C32: NAST12 | D32: 17 | E32: Small business time of use | F32: No | G32: =IF(SUM('Distribution 2026-27:Jurisdictional 2026-27'!G32)=0,"",SUM('Distribution 2026-27:Jurisdictional 2026-27'!G32)) -> 148.93785 | H32: =IF(SUM('Distribution 2026-27:Jurisdictional 2026-27'!H32)=0,"",SUM('Distribution 2026-27:Jurisdictional 2026-27'!H32)) | I32: =IF(SUM('Distribution 2026-27:Jurisdictional 2026-27'!I32)=0,"",SUM('Distribution 2026-27:Jurisdictional 2026-27'!I32)) | J32: =IF(SUM('Distribution 2026-27:Jurisdictional 2026-27'!J32)=0,"",SUM('Distribution 2026-27:Jurisdictional 2026-27'!J32)) | K32: =IF(SUM('Distribution 2026-27:Jurisdictional 2026-27'!K32)=0,"",SUM('Distribution 2026-27:Jurisdictional 2026-27'!K32)) -> 20.773124 | L32: =IF(SUM('Distribution 2026-27:Jurisdictional 2026-27'!L32)=0,"",SUM('Distribution 2026-27:Jurisdictional 2026-27'!L32)) | M32: =IF(SUM('Distribution 2026-27:Jurisdictional 2026-27'!M32)=0,"",SUM('Distribution 2026-27:Jurisdictional 2026-27'!M32)) | N32: =IF(SUM('Distribution 2026-27:Jurisdictional 2026-27'!N32)=0,"",SUM('Distribution 2026-27:Jurisdictional 2026-27'!N32)) | ... X32: =IF(SUM('Distribution 2026-27:Jurisdictional 2026-27'!X32)=0,"",SUM('Distribution 2026-27:Jurisdictional 2026-27'!X32))
C33: NAST12S | D33: 17 | E33: Small business time of use standard feed in | F33: No | G33: =IF(SUM('Distribution 2026-27:Jurisdictional 2026-27'!G33)=0,"",SUM('Distribution 2026-27:Jurisdictional 2026-27'!G33)) -> 148.93785 | H33: =IF(SUM('Distribution 2026-27:Jurisdictional 2026-27'!H33)=0,"",SUM('Distribution 2026-27:Jurisdictional 2026-27'!H33)) | I33: =IF(SUM('Distribution 2026-27:Jurisdictional 2026-27'!I33)=0,"",SUM('Distribution 2026-27:Jurisdictional 2026-27'!I33)) | J33: =IF(SUM('Distribution 2026-27:Jurisdictional 2026-27'!J33)=0,"",SUM('Distribution 2026-27:Jurisdictional 2026-27'!J33)) | K33: =IF(SUM('Distribution 2026-27:Jurisdictional 2026-27'!K33)=0,"",SUM('Distribution 2026-27:Jurisdictional 2026-27'!K33)) -> 20.773124 | L33: =IF(SUM('Distribution 2026-27:Jurisdictional 2026-27'!L33)=0,"",SUM('Distribution 2026-27:Jurisdictional 2026-27'!L33)) | M33: =IF(SUM('Distribution 2026-27:Jurisdictional 2026-27'!M33)=0,"",SUM('Distribution 2026-27:Jurisdictional 2026-27'!M33)) | N33: =IF(SUM('Distribution 2026-27:Jurisdictional 2026-27'!N33)=0,"",SUM('Distribution 2026-27:Jurisdictional 2026-27'!N33)) | ... X33: =IF(SUM('Distribution 2026-27:Jurisdictional 2026-27'!X33)=0,"",SUM('Distribution 2026-27:Jurisdictional 2026-27'!X33))
C34: NASN12 | D34: 15 | E34: Small business single rate demand | F34: No | G34: =IF(SUM('Distribution 2026-27:Jurisdictional 2026-27'!G34)=0,"",SUM('Distribution 2026-27:Jurisdictional 2026-27'!G34)) -> 148.93785 | H34: =IF(SUM('Distribution 2026-27:Jurisdictional 2026-27'!H34)=0,"",SUM('Distribution 2026-27:Jurisdictional 2026-27'!H34)) -> 16.795889 | I34: =IF(SUM('Distribution 2026-27:Jurisdictional 2026-27'!I34)=0,"",SUM('Distribution 2026-27:Jurisdictional 2026-27'!I34)) | J34: =IF(SUM('Distribution 2026-27:Jurisdictional 2026-27'!J34)=0,"",SUM('Distribution 2026-27:Jurisdictional 2026-27'!J34)) | K34: =IF(SUM('Distribution 2026-27:Jurisdictional 2026-27'!K34)=0,"",SUM('Distribution 2026-27:Jurisdictional 2026-27'!K34)) | L34: =IF(SUM('Distribution 2026-27:Jurisdictional 2026-27'!L34)=0,"",SUM('Distribution 2026-27:Jurisdictional 2026-27'!L34)) | M34: =IF(SUM('Distribution 2026-27:Jurisdictional 2026-27'!M34)=0,"",SUM('Distribution 2026-27:Jurisdictional 2026-27'!M34)) | N34: =IF(SUM('Distribution 2026-27:Jurisdictional 2026-27'!N34)=0,"",SUM('Distribution 2026-27:Jurisdictional 2026-27'!N34)) | ... X34: =IF(SUM('Distribution 2026-27:Jurisdictional 2026-27'!X34)=0,"",SUM('Distribution 2026-27:Jurisdictional 2026-27'!X34)) -> 2.8621947
C35: NASN12S | D35: 15 | E35: Small business single rate demand standard feed in | F35: No | G35: =IF(SUM('Distribution 2026-27:Jurisdictional 2026-27'!G35)=0,"",SUM('Distribution 2026-27:Jurisdictional 2026-27'!G35)) -> 148.93785 | H35: =IF(SUM('Distribution 2026-27:Jurisdictional 2026-27'!H35)=0,"",SUM('Distribution 2026-27:Jurisdictional 2026-27'!H35)) -> 16.795889 | I35: =IF(SUM('Distribution 2026-27:Jurisdictional 2026-27'!I35)=0,"",SUM('Distribution 2026-27:Jurisdictional 2026-27'!I35)) | J35: =IF(SUM('Distribution 2026-27:Jurisdictional 2026-27'!J35)=0,"",SUM('Distribution 2026-27:Jurisdictional 2026-27'!J35)) | K35: =IF(SUM('Distribution 2026-27:Jurisdictional 2026-27'!K35)=0,"",SUM('Distribution 2026-27:Jurisdictional 2026-27'!K35)) | L35: =IF(SUM('Distribution 2026-27:Jurisdictional 2026-27'!L35)=0,"",SUM('Distribution 2026-27:Jurisdictional 2026-27'!L35)) | M35: =IF(SUM('Distribution 2026-27:Jurisdictional 2026-27'!M35)=0,"",SUM('Distribution 2026-27:Jurisdictional 2026-27'!M35)) | N35: =IF(SUM('Distribution 2026-27:Jurisdictional 2026-27'!N35)=0,"",SUM('Distribution 2026-27:Jurisdictional 2026-27'!N35)) | ... X35: =IF(SUM('Distribution 2026-27:Jurisdictional 2026-27'!X35)=0,"",SUM('Distribution 2026-27:Jurisdictional 2026-27'!X35)) -> 2.8621947
C36: NASN19 | D36: 15 | E36: Business > 40 MWh single rate demand | F36: No | G36: =IF(SUM('Distribution 2026-27:Jurisdictional 2026-27'!G36)=0,"",SUM('Distribution 2026-27:Jurisdictional 2026-27'!G36)) -> 156.20311 | H36: =IF(SUM('Distribution 2026-27:Jurisdictional 2026-27'!H36)=0,"",SUM('Distribution 2026-27:Jurisdictional 2026-27'!H36)) -> 19.406068 | I36: =IF(SUM('Distribution 2026-27:Jurisdictional 2026-27'!I36)=0,"",SUM('Distribution 2026-27:Jurisdictional 2026-27'!I36)) | J36: =IF(SUM('Distribution 2026-27:Jurisdictional 2026-27'!J36)=0,"",SUM('Distribution 2026-27:Jurisdictional 2026-27'!J36)) | K36: =IF(SUM('Distribution 2026-27:Jurisdictional 2026-27'!K36)=0,"",SUM('Distribution 2026-27:Jurisdictional 2026-27'!K36)) | L36: =IF(SUM('Distribution 2026-27:Jurisdictional 2026-27'!L36)=0,"",SUM('Distribution 2026-27:Jurisdictional 2026-27'!L36)) | M36: =IF(SUM('Distribution 2026-27:Jurisdictional 2026-27'!M36)=0,"",SUM('Distribution 2026-27:Jurisdictional 2026-27'!M36)) | N36: =IF(SUM('Distribution 2026-27:Jurisdictional 2026-27'!N36)=0,"",SUM('Distribution 2026-27:Jurisdictional 2026-27'!N36)) | ... X36: =IF(SUM('Distribution 2026-27:Jurisdictional 2026-27'!X36)=0,"",SUM('Distribution 2026-27:Jurisdictional 2026-27'!X36)) -> 2.2935651
C37: NASN21 | D37: 2 | E37: Business > 40 MWh two rate demand | F37: No | G37: =IF(SUM('Distribution 2026-27:Jurisdictional 2026-27'!G37)=0,"",SUM('Distribution 2026-27:Jurisdictional 2026-27'!G37)) -> 156.20311 | H37: =IF(SUM('Distribution 2026-27:Jurisdictional 2026-27'!H37)=0,"",SUM('Distribution 2026-27:Jurisdictional 2026-27'!H37)) | I37: =IF(SUM('Distribution 2026-27:Jurisdictional 2026-27'!I37)=0,"",SUM('Distribution 2026-27:Jurisdictional 2026-27'!I37)) | J37: =IF(SUM('Distribution 2026-27:Jurisdictional 2026-27'!J37)=0,"",SUM('Distribution 2026-27:Jurisdictional 2026-27'!J37)) | K37: =IF(SUM('Distribution 2026-27:Jurisdictional 2026-27'!K37)=0,"",SUM('Distribution 2026-27:Jurisdictional 2026-27'!K37)) -> 19.380404 | L37: =IF(SUM('Distribution 2026-27:Jurisdictional 2026-27'!L37)=0,"",SUM('Distribution 2026-27:Jurisdictional 2026-27'!L37)) | M37: =IF(SUM('Distribution 2026-27:Jurisdictional 2026-27'!M37)=0,"",SUM('Distribution 2026-27:Jurisdictional 2026-27'!M37)) | N37: =IF(SUM('Distribution 2026-27:Jurisdictional 2026-27'!N37)=0,"",SUM('Distribution 2026-27:Jurisdictional 2026-27'!N37)) | ... X37: =IF(SUM('Distribution 2026-27:Jurisdictional 2026-27'!X37)=0,"",SUM('Distribution 2026-27:Jurisdictional 2026-27'!X37)) -> 2.2935651
C38: NASN2S | D38: 2 | E38: Business > 40 MWh two rate demand standard feed in | F38: No | G38: =IF(SUM('Distribution 2026-27:Jurisdictional 2026-27'!G38)=0,"",SUM('Distribution 2026-27:Jurisdictional 2026-27'!G38)) -> 156.20311 | H38: =IF(SUM('Distribution 2026-27:Jurisdictional 2026-27'!H38)=0,"",SUM('Distribution 2026-27:Jurisdictional 2026-27'!H38)) | I38: =IF(SUM('Distribution 2026-27:Jurisdictional 2026-27'!I38)=0,"",SUM('Distribution 2026-27:Jurisdictional 2026-27'!I38)) | J38: =IF(SUM('Distribution 2026-27:Jurisdictional 2026-27'!J38)=0,"",SUM('Distribution 2026-27:Jurisdictional 2026-27'!J38)) | K38: =IF(SUM('Distribution 2026-27:Jurisdictional 2026-27'!K38)=0,"",SUM('Distribution 2026-27:Jurisdictional 2026-27'!K38)) -> 19.380404 | L38: =IF(SUM('Distribution 2026-27:Jurisdictional 2026-27'!L38)=0,"",SUM('Distribution 2026-27:Jurisdictional 2026-27'!L38)) | M38: =IF(SUM('Distribution 2026-27:Jurisdictional 2026-27'!M38)=0,"",SUM('Distribution 2026-27:Jurisdictional 2026-27'!M38)) | N38: =IF(SUM('Distribution 2026-27:Jurisdictional 2026-27'!N38)=0,"",SUM('Distribution 2026-27:Jurisdictional 2026-27'!N38)) | ... X38: =IF(SUM('Distribution 2026-27:Jurisdictional 2026-27'!X38)=0,"",SUM('Distribution 2026-27:Jurisdictional 2026-27'!X38)) -> 2.2935651
C39: NSP21 | D39: 7 | E39: Small interval meter time of use | F39: Yes | G39: =IF(SUM('Distribution 2026-27:Jurisdictional 2026-27'!G39)=0,"",SUM('Distribution 2026-27:Jurisdictional 2026-27'!G39)) -> 148.93785 | H39: =IF(SUM('Distribution 2026-27:Jurisdictional 2026-27'!H39)=0,"",SUM('Distribution 2026-27:Jurisdictional 2026-27'!H39)) | I39: =IF(SUM('Distribution 2026-27:Jurisdictional 2026-27'!I39)=0,"",SUM('Distribution 2026-27:Jurisdictional 2026-27'!I39)) | J39: =IF(SUM('Distribution 2026-27:Jurisdictional 2026-27'!J39)=0,"",SUM('Distribution 2026-27:Jurisdictional 2026-27'!J39)) | K39: =IF(SUM('Distribution 2026-27:Jurisdictional 2026-27'!K39)=0,"",SUM('Distribution 2026-27:Jurisdictional 2026-27'!K39)) | L39: =IF(SUM('Distribution 2026-27:Jurisdictional 2026-27'!L39)=0,"",SUM('Distribution 2026-27:Jurisdictional 2026-27'!L39)) | M39: =IF(SUM('Distribution 2026-27:Jurisdictional 2026-27'!M39)=0,"",SUM('Distribution 2026-27:Jurisdictional 2026-27'!M39)) -> 50.36794 | N39: =IF(SUM('Distribution 2026-27:Jurisdictional 2026-27'!N39)=0,"",SUM('Distribution 2026-27:Jurisdictional 2026-27'!N39)) -> 44.504023 | ... X39: =IF(SUM('Distribution 2026-27:Jurisdictional 2026-27'!X39)=0,"",SUM('Distribution 2026-27:Jurisdictional 2026-27'!X39))
C40: NSP27 | D40: 7 | E40: Small interval meter low peak time of use | F40: Yes | G40: =IF(SUM('Distribution 2026-27:Jurisdictional 2026-27'!G40)=0,"",SUM('Distribution 2026-27:Jurisdictional 2026-27'!G40)) -> 148.93785 | H40: =IF(SUM('Distribution 2026-27:Jurisdictional 2026-27'!H40)=0,"",SUM('Distribution 2026-27:Jurisdictional 2026-27'!H40)) | I40: =IF(SUM('Distribution 2026-27:Jurisdictional 2026-27'!I40)=0,"",SUM('Distribution 2026-27:Jurisdictional 2026-27'!I40)) | J40: =IF(SUM('Distribution 2026-27:Jurisdictional 2026-27'!J40)=0,"",SUM('Distribution 2026-27:Jurisdictional 2026-27'!J40)) | K40: =IF(SUM('Distribution 2026-27:Jurisdictional 2026-27'!K40)=0,"",SUM('Distribution 2026-27:Jurisdictional 2026-27'!K40)) | L40: =IF(SUM('Distribution 2026-27:Jurisdictional 2026-27'!L40)=0,"",SUM('Distribution 2026-27:Jurisdictional 2026-27'!L40)) | M40: =IF(SUM('Distribution 2026-27:Jurisdictional 2026-27'!M40)=0,"",SUM('Distribution 2026-27:Jurisdictional 2026-27'!M40)) -> 29.808896 | N40: =IF(SUM('Distribution 2026-27:Jurisdictional 2026-27'!N40)=0,"",SUM('Distribution 2026-27:Jurisdictional 2026-27'!N40)) -> 26.55536 | ... X40: =IF(SUM('Distribution 2026-27:Jurisdictional 2026-27'!X40)=0,"",SUM('Distribution 2026-27:Jurisdictional 2026-27'!X40))
C41: SSP27 | D41: 7 | E41: Small interval meter time of use solar installation standard feed in | F41: Yes | G41: =IF(SUM('Distribution 2026-27:Jurisdictional 2026-27'!G41)=0,"",SUM('Distribution 2026-27:Jurisdictional 2026-27'!G41)) -> 148.93785 | H41: =IF(SUM('Distribution 2026-27:Jurisdictional 2026-27'!H41)=0,"",SUM('Distribution 2026-27:Jurisdictional 2026-27'!H41)) | I41: =IF(SUM('Distribution 2026-27:Jurisdictional 2026-27'!I41)=0,"",SUM('Distribution 2026-27:Jurisdictional 2026-27'!I41)) | J41: =IF(SUM('Distribution 2026-27:Jurisdictional 2026-27'!J41)=0,"",SUM('Distribution 2026-27:Jurisdictional 2026-27'!J41)) | K41: =IF(SUM('Distribution 2026-27:Jurisdictional 2026-27'!K41)=0,"",SUM('Distribution 2026-27:Jurisdictional 2026-27'!K41)) | L41: =IF(SUM('Distribution 2026-27:Jurisdictional 2026-27'!L41)=0,"",SUM('Distribution 2026-27:Jurisdictional 2026-27'!L41)) | M41: =IF(SUM('Distribution 2026-27:Jurisdictional 2026-27'!M41)=0,"",SUM('Distribution 2026-27:Jurisdictional 2026-27'!M41)) -> 29.808896 | N41: =IF(SUM('Distribution 2026-27:Jurisdictional 2026-27'!N41)=0,"",SUM('Distribution 2026-27:Jurisdictional 2026-27'!N41)) -> 26.55536 | ... X41: =IF(SUM('Distribution 2026-27:Jurisdictional 2026-27'!X41)=0,"",SUM('Distribution 2026-27:Jurisdictional 2026-27'!X41))
B45: Tariff class | C45: Tariff code | D45: Tariff Structure | E45: Description | F45: Closed to New Entrants | G45: Standing charge | H45: Anytime | I45: Block 1 | J45: Block 2 | K45: Peak | L45: Shoulder all year | M45: Summer peak | N45: Summer shoulder | O45: Winter peak | P45: Off Peak | Q45: Dedicated circuit | R45: Solar soak | S45: Export charge | T45: Export reward | U45: Capacity | V45: Critical peak demand | W45: Monthly peak kW demand | X45: Monthly off peak kW demand
G46: $/year | H46: c/kWh | I46: c/kWh | J46: c/kWh | K46: c/kWh | L46: c/kWh | M46: c/kWh | N46: c/kWh | O46: c/kWh | P46: c/kWh | Q46: c/kWh | R46: c/kWh | S46: c/kWh | T46: c/kWh | U46: $/kVA/yr | V46: $/kVA/yr | W46: $/kW/mth | X46: $/kW/mth
B47: Medium industrial & commercial | C47: NEE52 | D47: 3 | E47: Medium unmetered | F47: No | G47: =IF(SUM('Distribution 2026-27:Jurisdictional 2026-27'!G47)=0,"",SUM('Distribution 2026-27:Jurisdictional 2026-27'!G47)) | H47: =IF(SUM('Distribution 2026-27:Jurisdictional 2026-27'!H47)=0,"",SUM('Distribution 2026-27:Jurisdictional 2026-27'!H47)) | I47: =IF(SUM('Distribution 2026-27:Jurisdictional 2026-27'!I47)=0,"",SUM('Distribution 2026-27:Jurisdictional 2026-27'!I47)) | J47: =IF(SUM('Distribution 2026-27:Jurisdictional 2026-27'!J47)=0,"",SUM('Distribution 2026-27:Jurisdictional 2026-27'!J47)) | K47: =IF(SUM('Distribution 2026-27:Jurisdictional 2026-27'!K47)=0,"",SUM('Distribution 2026-27:Jurisdictional 2026-27'!K47)) -> 24.833368 | L47: =IF(SUM('Distribution 2026-27:Jurisdictional 2026-27'!L47)=0,"",SUM('Distribution 2026-27:Jurisdictional 2026-27'!L47)) | M47: =IF(SUM('Distribution 2026-27:Jurisdictional 2026-27'!M47)=0,"",SUM('Distribution 2026-27:Jurisdictional 2026-27'!M47)) | N47: =IF(SUM('Distribution 2026-27:Jurisdictional 2026-27'!N47)=0,"",SUM('Distribution 2026-27:Jurisdictional 2026-27'!N47)) | ... X47: =IF(SUM('Distribution 2026-27:Jurisdictional 2026-27'!X47)=0,"",SUM('Distribution 2026-27:Jurisdictional 2026-27'!X47))
C48: NEE55 | D48: 12 | E48: Medium snowfields | F48: No | G48: =IF(SUM('Distribution 2026-27:Jurisdictional 2026-27'!G48)=0,"",SUM('Distribution 2026-27:Jurisdictional 2026-27'!G48)) -> 211.53369 | H48: =IF(SUM('Distribution 2026-27:Jurisdictional 2026-27'!H48)=0,"",SUM('Distribution 2026-27:Jurisdictional 2026-27'!H48)) | I48: =IF(SUM('Distribution 2026-27:Jurisdictional 2026-27'!I48)=0,"",SUM('Distribution 2026-27:Jurisdictional 2026-27'!I48)) | J48: =IF(SUM('Distribution 2026-27:Jurisdictional 2026-27'!J48)=0,"",SUM('Distribution 2026-27:Jurisdictional 2026-27'!J48)) | K48: =IF(SUM('Distribution 2026-27:Jurisdictional 2026-27'!K48)=0,"",SUM('Distribution 2026-27:Jurisdictional 2026-27'!K48)) -> 21.819671 | L48: =IF(SUM('Distribution 2026-27:Jurisdictional 2026-27'!L48)=0,"",SUM('Distribution 2026-27:Jurisdictional 2026-27'!L48)) | M48: =IF(SUM('Distribution 2026-27:Jurisdictional 2026-27'!M48)=0,"",SUM('Distribution 2026-27:Jurisdictional 2026-27'!M48)) | N48: =IF(SUM('Distribution 2026-27:Jurisdictional 2026-27'!N48)=0,"",SUM('Distribution 2026-27:Jurisdictional 2026-27'!N48)) | ... X48: =IF(SUM('Distribution 2026-27:Jurisdictional 2026-27'!X48)=0,"",SUM('Distribution 2026-27:Jurisdictional 2026-27'!X48))
C49: NSP55 | D49: 7 | E49: Medium interval meter time of use snowfields | F49: No | G49: =IF(SUM('Distribution 2026-27:Jurisdictional 2026-27'!G49)=0,"",SUM('Distribution 2026-27:Jurisdictional 2026-27'!G49)) -> 211.53369 | H49: =IF(SUM('Distribution 2026-27:Jurisdictional 2026-27'!H49)=0,"",SUM('Distribution 2026-27:Jurisdictional 2026-27'!H49)) | I49: =IF(SUM('Distribution 2026-27:Jurisdictional 2026-27'!I49)=0,"",SUM('Distribution 2026-27:Jurisdictional 2026-27'!I49)) | J49: =IF(SUM('Distribution 2026-27:Jurisdictional 2026-27'!J49)=0,"",SUM('Distribution 2026-27:Jurisdictional 2026-27'!J49)) | K49: =IF(SUM('Distribution 2026-27:Jurisdictional 2026-27'!K49)=0,"",SUM('Distribution 2026-27:Jurisdictional 2026-27'!K49)) | L49: =IF(SUM('Distribution 2026-27:Jurisdictional 2026-27'!L49)=0,"",SUM('Distribution 2026-27:Jurisdictional 2026-27'!L49)) | M49: =IF(SUM('Distribution 2026-27:Jurisdictional 2026-27'!M49)=0,"",SUM('Distribution 2026-27:Jurisdictional 2026-27'!M49)) -> 52.411754 | N49: =IF(SUM('Distribution 2026-27:Jurisdictional 2026-27'!N49)=0,"",SUM('Distribution 2026-27:Jurisdictional 2026-27'!N49)) -> 46.271165 | ... X49: =IF(SUM('Distribution 2026-27:Jurisdictional 2026-27'!X49)=0,"",SUM('Distribution 2026-27:Jurisdictional 2026-27'!X49))
C50: NSP56 | D50: 18 | E50: Medium critical peak demand 160 MWh to 400 MWh | F50: No | G50: =IF(SUM('Distribution 2026-27:Jurisdictional 2026-27'!G50)=0,"",SUM('Distribution 2026-27:Jurisdictional 2026-27'!G50)) -> 3544.9344 | H50: =IF(SUM('Distribution 2026-27:Jurisdictional 2026-27'!H50)=0,"",SUM('Distribution 2026-27:Jurisdictional 2026-27'!H50)) | I50: =IF(SUM('Distribution 2026-27:Jurisdictional 2026-27'!I50)=0,"",SUM('Distribution 2026-27:Jurisdictional 2026-27'!I50)) | J50: =IF(SUM('Distribution 2026-27:Jurisdictional 2026-27'!J50)=0,"",SUM('Distribution 2026-27:Jurisdictional 2026-27'!J50)) | K50: =IF(SUM('Distribution 2026-27:Jurisdictional 2026-27'!K50)=0,"",SUM('Distribution 2026-27:Jurisdictional 2026-27'!K50)) -> 17.483275 | L50: =IF(SUM('Distribution 2026-27:Jurisdictional 2026-27'!L50)=0,"",SUM('Distribution 2026-27:Jurisdictional 2026-27'!L50)) -> 13.434846 | M50: =IF(SUM('Distribution 2026-27:Jurisdictional 2026-27'!M50)=0,"",SUM('Distribution 2026-27:Jurisdictional 2026-27'!M50)) | N50: =IF(SUM('Distribution 2026-27:Jurisdictional 2026-27'!N50)=0,"",SUM('Distribution 2026-27:Jurisdictional 2026-27'!N50)) | ... X50: =IF(SUM('Distribution 2026-27:Jurisdictional 2026-27'!X50)=0,"",SUM('Distribution 2026-27:Jurisdictional 2026-27'!X50))
C51: NAT56 | D51: 18 | E51: Medium critical peak demand 160 MWh to 400 MWh (Transitional) | F51: Yes | G51: =IF(SUM('Distribution 2026-27:Jurisdictional 2026-27'!G51)=0,"",SUM('Distribution 2026-27:Jurisdictional 2026-27'!G51)) -> 3544.9344 | H51: =IF(SUM('Distribution 2026-27:Jurisdictional 2026-27'!H51)=0,"",SUM('Distribution 2026-27:Jurisdictional 2026-27'!H51)) | I51: =IF(SUM('Distribution 2026-27:Jurisdictional 2026-27'!I51)=0,"",SUM('Distribution 2026-27:Jurisdictional 2026-27'!I51)) | J51: =IF(SUM('Distribution 2026-27:Jurisdictional 2026-27'!J51)=0,"",SUM('Distribution 2026-27:Jurisdictional 2026-27'!J51)) | K51: =IF(SUM('Distribution 2026-27:Jurisdictional 2026-27'!K51)=0,"",SUM('Distribution 2026-27:Jurisdictional 2026-27'!K51)) -> 17.483275 | L51: =IF(SUM('Distribution 2026-27:Jurisdictional 2026-27'!L51)=0,"",SUM('Distribution 2026-27:Jurisdictional 2026-27'!L51)) -> 13.434846 | M51: =IF(SUM('Distribution 2026-27:Jurisdictional 2026-27'!M51)=0,"",SUM('Distribution 2026-27:Jurisdictional 2026-27'!M51)) | N51: =IF(SUM('Distribution 2026-27:Jurisdictional 2026-27'!N51)=0,"",SUM('Distribution 2026-27:Jurisdictional 2026-27'!N51)) | ... X51: =IF(SUM('Distribution 2026-27:Jurisdictional 2026-27'!X51)=0,"",SUM('Distribution 2026-27:Jurisdictional 2026-27'!X51))
C52: NEN56 | D52: 13 | E52: Medium critical peak demand 160 MWh to 400 MWh within embedded network | F52: Yes | G52: =IF(SUM('Distribution 2026-27:Jurisdictional 2026-27'!G52)=0,"",SUM('Distribution 2026-27:Jurisdictional 2026-27'!G52)) -> 3544.9344 | H52: =IF(SUM('Distribution 2026-27:Jurisdictional 2026-27'!H52)=0,"",SUM('Distribution 2026-27:Jurisdictional 2026-27'!H52)) | I52: =IF(SUM('Distribution 2026-27:Jurisdictional 2026-27'!I52)=0,"",SUM('Distribution 2026-27:Jurisdictional 2026-27'!I52)) | J52: =IF(SUM('Distribution 2026-27:Jurisdictional 2026-27'!J52)=0,"",SUM('Distribution 2026-27:Jurisdictional 2026-27'!J52)) | K52: =IF(SUM('Distribution 2026-27:Jurisdictional 2026-27'!K52)=0,"",SUM('Distribution 2026-27:Jurisdictional 2026-27'!K52)) -> 14.573605 | L52: =IF(SUM('Distribution 2026-27:Jurisdictional 2026-27'!L52)=0,"",SUM('Distribution 2026-27:Jurisdictional 2026-27'!L52)) -> 11.149054 | M52: =IF(SUM('Distribution 2026-27:Jurisdictional 2026-27'!M52)=0,"",SUM('Distribution 2026-27:Jurisdictional 2026-27'!M52)) | N52: =IF(SUM('Distribution 2026-27:Jurisdictional 2026-27'!N52)=0,"",SUM('Distribution 2026-27:Jurisdictional 2026-27'!N52)) | ... X52: =IF(SUM('Distribution 2026-27:Jurisdictional 2026-27'!X52)=0,"",SUM('Distribution 2026-27:Jurisdictional 2026-27'!X52))
B53: Large industrial & commercial | C53: NSP75 | D53: 13 | E53: Large critical peak demand 400 MWh to 750 MWh | F53: No | G53: =IF(SUM('Distribution 2026-27:Jurisdictional 2026-27'!G53)=0,"",SUM('Distribution 2026-27:Jurisdictional 2026-27'!G53)) -> 7829.4291 | H53: =IF(SUM('Distribution 2026-27:Jurisdictional 2026-27'!H53)=0,"",SUM('Distribution 2026-27:Jurisdictional 2026-27'!H53)) | I53: =IF(SUM('Distribution 2026-27:Jurisdictional 2026-27'!I53)=0,"",SUM('Distribution 2026-27:Jurisdictional 2026-27'!I53)) | J53: =IF(SUM('Distribution 2026-27:Jurisdictional 2026-27'!J53)=0,"",SUM('Distribution 2026-27:Jurisdictional 2026-27'!J53)) | K53: =IF(SUM('Distribution 2026-27:Jurisdictional 2026-27'!K53)=0,"",SUM('Distribution 2026-27:Jurisdictional 2026-27'!K53)) -> 7.3263368 | L53: =IF(SUM('Distribution 2026-27:Jurisdictional 2026-27'!L53)=0,"",SUM('Distribution 2026-27:Jurisdictional 2026-27'!L53)) -> 6.019593 | M53: =IF(SUM('Distribution 2026-27:Jurisdictional 2026-27'!M53)=0,"",SUM('Distribution 2026-27:Jurisdictional 2026-27'!M53)) | N53: =IF(SUM('Distribution 2026-27:Jurisdictional 2026-27'!N53)=0,"",SUM('Distribution 2026-27:Jurisdictional 2026-27'!N53)) | ... X53: =IF(SUM('Distribution 2026-27:Jurisdictional 2026-27'!X53)=0,"",SUM('Distribution 2026-27:Jurisdictional 2026-27'!X53))
C54: NAT75 | D54: 13 | E54: Large critical peak demand 400 MWh to 750 MWh (Transitional) | F54: Yes | G54: =IF(SUM('Distribution 2026-27:Jurisdictional 2026-27'!G54)=0,"",SUM('Distribution 2026-27:Jurisdictional 2026-27'!G54)) -> 7829.4291 | H54: =IF(SUM('Distribution 2026-27:Jurisdictional 2026-27'!H54)=0,"",SUM('Distribution 2026-27:Jurisdictional 2026-27'!H54)) | I54: =IF(SUM('Distribution 2026-27:Jurisdictional 2026-27'!I54)=0,"",SUM('Distribution 2026-27:Jurisdictional 2026-27'!I54)) | J54: =IF(SUM('Distribution 2026-27:Jurisdictional 2026-27'!J54)=0,"",SUM('Distribution 2026-27:Jurisdictional 2026-27'!J54)) | K54: =IF(SUM('Distribution 2026-27:Jurisdictional 2026-27'!K54)=0,"",SUM('Distribution 2026-27:Jurisdictional 2026-27'!K54)) -> 7.3263368 | L54: =IF(SUM('Distribution 2026-27:Jurisdictional 2026-27'!L54)=0,"",SUM('Distribution 2026-27:Jurisdictional 2026-27'!L54)) -> 6.019593 | M54: =IF(SUM('Distribution 2026-27:Jurisdictional 2026-27'!M54)=0,"",SUM('Distribution 2026-27:Jurisdictional 2026-27'!M54)) | N54: =IF(SUM('Distribution 2026-27:Jurisdictional 2026-27'!N54)=0,"",SUM('Distribution 2026-27:Jurisdictional 2026-27'!N54)) | ... X54: =IF(SUM('Distribution 2026-27:Jurisdictional 2026-27'!X54)=0,"",SUM('Distribution 2026-27:Jurisdictional 2026-27'!X54))
C55: NSP76 | D55: 13 | E55: Large critical peak demand 750 MWh to 2000 MWh | F55: No | G55: =IF(SUM('Distribution 2026-27:Jurisdictional 2026-27'!G55)=0,"",SUM('Distribution 2026-27:Jurisdictional 2026-27'!G55)) -> 7829.4291 | H55: =IF(SUM('Distribution 2026-27:Jurisdictional 2026-27'!H55)=0,"",SUM('Distribution 2026-27:Jurisdictional 2026-27'!H55)) | I55: =IF(SUM('Distribution 2026-27:Jurisdictional 2026-27'!I55)=0,"",SUM('Distribution 2026-27:Jurisdictional 2026-27'!I55)) | J55: =IF(SUM('Distribution 2026-27:Jurisdictional 2026-27'!J55)=0,"",SUM('Distribution 2026-27:Jurisdictional 2026-27'!J55)) | K55: =IF(SUM('Distribution 2026-27:Jurisdictional 2026-27'!K55)=0,"",SUM('Distribution 2026-27:Jurisdictional 2026-27'!K55)) -> 7.0538276 | L55: =IF(SUM('Distribution 2026-27:Jurisdictional 2026-27'!L55)=0,"",SUM('Distribution 2026-27:Jurisdictional 2026-27'!L55)) -> 5.750904 | M55: =IF(SUM('Distribution 2026-27:Jurisdictional 2026-27'!M55)=0,"",SUM('Distribution 2026-27:Jurisdictional 2026-27'!M55)) | N55: =IF(SUM('Distribution 2026-27:Jurisdictional 2026-27'!N55)=0,"",SUM('Distribution 2026-27:Jurisdictional 2026-27'!N55)) | ... X55: =IF(SUM('Distribution 2026-27:Jurisdictional 2026-27'!X55)=0,"",SUM('Distribution 2026-27:Jurisdictional 2026-27'!X55))
C56: NSP77 | D56: 13 | E56: Large critical peak demand 2000 MWh to 4000 MWh | F56: No | G56: =IF(SUM('Distribution 2026-27:Jurisdictional 2026-27'!G56)=0,"",SUM('Distribution 2026-27:Jurisdictional 2026-27'!G56)) -> 7829.4291 | H56: =IF(SUM('Distribution 2026-27:Jurisdictional 2026-27'!H56)=0,"",SUM('Distribution 2026-27:Jurisdictional 2026-27'!H56)) | I56: =IF(SUM('Distribution 2026-27:Jurisdictional 2026-27'!I56)=0,"",SUM('Distribution 2026-27:Jurisdictional 2026-27'!I56)) | J56: =IF(SUM('Distribution 2026-27:Jurisdictional 2026-27'!J56)=0,"",SUM('Distribution 2026-27:Jurisdictional 2026-27'!J56)) | K56: =IF(SUM('Distribution 2026-27:Jurisdictional 2026-27'!K56)=0,"",SUM('Distribution 2026-27:Jurisdictional 2026-27'!K56)) -> 6.9864105 | L56: =IF(SUM('Distribution 2026-27:Jurisdictional 2026-27'!L56)=0,"",SUM('Distribution 2026-27:Jurisdictional 2026-27'!L56)) -> 5.7226431 | M56: =IF(SUM('Distribution 2026-27:Jurisdictional 2026-27'!M56)=0,"",SUM('Distribution 2026-27:Jurisdictional 2026-27'!M56)) | N56: =IF(SUM('Distribution 2026-27:Jurisdictional 2026-27'!N56)=0,"",SUM('Distribution 2026-27:Jurisdictional 2026-27'!N56)) | ... X56: =IF(SUM('Distribution 2026-27:Jurisdictional 2026-27'!X56)=0,"",SUM('Distribution 2026-27:Jurisdictional 2026-27'!X56))
C57: NSP78 | D57: 13 | E57: Large critical peak demand over 4000 MWh | F57: No | G57: =IF(SUM('Distribution 2026-27:Jurisdictional 2026-27'!G57)=0,"",SUM('Distribution 2026-27:Jurisdictional 2026-27'!G57)) -> 7829.4291 | H57: =IF(SUM('Distribution 2026-27:Jurisdictional 2026-27'!H57)=0,"",SUM('Distribution 2026-27:Jurisdictional 2026-27'!H57)) | I57: =IF(SUM('Distribution 2026-27:Jurisdictional 2026-27'!I57)=0,"",SUM('Distribution 2026-27:Jurisdictional 2026-27'!I57)) | J57: =IF(SUM('Distribution 2026-27:Jurisdictional 2026-27'!J57)=0,"",SUM('Distribution 2026-27:Jurisdictional 2026-27'!J57)) | K57: =IF(SUM('Distribution 2026-27:Jurisdictional 2026-27'!K57)=0,"",SUM('Distribution 2026-27:Jurisdictional 2026-27'!K57)) -> 6.6020559 | L57: =IF(SUM('Distribution 2026-27:Jurisdictional 2026-27'!L57)=0,"",SUM('Distribution 2026-27:Jurisdictional 2026-27'!L57)) -> 5.4703393 | M57: =IF(SUM('Distribution 2026-27:Jurisdictional 2026-27'!M57)=0,"",SUM('Distribution 2026-27:Jurisdictional 2026-27'!M57)) | N57: =IF(SUM('Distribution 2026-27:Jurisdictional 2026-27'!N57)=0,"",SUM('Distribution 2026-27:Jurisdictional 2026-27'!N57)) | ... X57: =IF(SUM('Distribution 2026-27:Jurisdictional 2026-27'!X57)=0,"",SUM('Distribution 2026-27:Jurisdictional 2026-27'!X57))
B58: High voltage | C58: NSP81 | D58: 14 | E58: High voltage critical peak demand | F58: No | G58: =IF(SUM('Distribution 2026-27:Jurisdictional 2026-27'!G58)=0,"",SUM('Distribution 2026-27:Jurisdictional 2026-27'!G58)) -> 7829.4291 | H58: =IF(SUM('Distribution 2026-27:Jurisdictional 2026-27'!H58)=0,"",SUM('Distribution 2026-27:Jurisdictional 2026-27'!H58)) | I58: =IF(SUM('Distribution 2026-27:Jurisdictional 2026-27'!I58)=0,"",SUM('Distribution 2026-27:Jurisdictional 2026-27'!I58)) | J58: =IF(SUM('Distribution 2026-27:Jurisdictional 2026-27'!J58)=0,"",SUM('Distribution 2026-27:Jurisdictional 2026-27'!J58)) | K58: =IF(SUM('Distribution 2026-27:Jurisdictional 2026-27'!K58)=0,"",SUM('Distribution 2026-27:Jurisdictional 2026-27'!K58)) -> 3.9984599 | L58: =IF(SUM('Distribution 2026-27:Jurisdictional 2026-27'!L58)=0,"",SUM('Distribution 2026-27:Jurisdictional 2026-27'!L58)) | M58: =IF(SUM('Distribution 2026-27:Jurisdictional 2026-27'!M58)=0,"",SUM('Distribution 2026-27:Jurisdictional 2026-27'!M58)) | N58: =IF(SUM('Distribution 2026-27:Jurisdictional 2026-27'!N58)=0,"",SUM('Distribution 2026-27:Jurisdictional 2026-27'!N58)) | ... X58: =IF(SUM('Distribution 2026-27:Jurisdictional 2026-27'!X58)=0,"",SUM('Distribution 2026-27:Jurisdictional 2026-27'!X58))
C59: NSP82 | D59: 13 | E59: High voltage critical peak demand traction | F59: No | G59: =IF(SUM('Distribution 2026-27:Jurisdictional 2026-27'!G59)=0,"",SUM('Distribution 2026-27:Jurisdictional 2026-27'!G59)) -> 7830.8068 | H59: =IF(SUM('Distribution 2026-27:Jurisdictional 2026-27'!H59)=0,"",SUM('Distribution 2026-27:Jurisdictional 2026-27'!H59)) | I59: =IF(SUM('Distribution 2026-27:Jurisdictional 2026-27'!I59)=0,"",SUM('Distribution 2026-27:Jurisdictional 2026-27'!I59)) | J59: =IF(SUM('Distribution 2026-27:Jurisdictional 2026-27'!J59)=0,"",SUM('Distribution 2026-27:Jurisdictional 2026-27'!J59)) | K59: =IF(SUM('Distribution 2026-27:Jurisdictional 2026-27'!K59)=0,"",SUM('Distribution 2026-27:Jurisdictional 2026-27'!K59)) -> 3.9247238 | L59: =IF(SUM('Distribution 2026-27:Jurisdictional 2026-27'!L59)=0,"",SUM('Distribution 2026-27:Jurisdictional 2026-27'!L59)) -> 3.9247238 | M59: =IF(SUM('Distribution 2026-27:Jurisdictional 2026-27'!M59)=0,"",SUM('Distribution 2026-27:Jurisdictional 2026-27'!M59)) | N59: =IF(SUM('Distribution 2026-27:Jurisdictional 2026-27'!N59)=0,"",SUM('Distribution 2026-27:Jurisdictional 2026-27'!N59)) | ... X59: =IF(SUM('Distribution 2026-27:Jurisdictional 2026-27'!X59)=0,"",SUM('Distribution 2026-27:Jurisdictional 2026-27'!X59))
C60: NSP83 | D60: 13 | E60: High voltage critical peak demand low energy use | F60: No | G60: =IF(SUM('Distribution 2026-27:Jurisdictional 2026-27'!G60)=0,"",SUM('Distribution 2026-27:Jurisdictional 2026-27'!G60)) -> 7829.4291 | H60: =IF(SUM('Distribution 2026-27:Jurisdictional 2026-27'!H60)=0,"",SUM('Distribution 2026-27:Jurisdictional 2026-27'!H60)) | I60: =IF(SUM('Distribution 2026-27:Jurisdictional 2026-27'!I60)=0,"",SUM('Distribution 2026-27:Jurisdictional 2026-27'!I60)) | J60: =IF(SUM('Distribution 2026-27:Jurisdictional 2026-27'!J60)=0,"",SUM('Distribution 2026-27:Jurisdictional 2026-27'!J60)) | K60: =IF(SUM('Distribution 2026-27:Jurisdictional 2026-27'!K60)=0,"",SUM('Distribution 2026-27:Jurisdictional 2026-27'!K60)) -> 15.193453 | L60: =IF(SUM('Distribution 2026-27:Jurisdictional 2026-27'!L60)=0,"",SUM('Distribution 2026-27:Jurisdictional 2026-27'!L60)) -> 7.444406 | M60: =IF(SUM('Distribution 2026-27:Jurisdictional 2026-27'!M60)=0,"",SUM('Distribution 2026-27:Jurisdictional 2026-27'!M60)) | N60: =IF(SUM('Distribution 2026-27:Jurisdictional 2026-27'!N60)=0,"",SUM('Distribution 2026-27:Jurisdictional 2026-27'!N60)) | ... X60: =IF(SUM('Distribution 2026-27:Jurisdictional 2026-27'!X60)=0,"",SUM('Distribution 2026-27:Jurisdictional 2026-27'!X60))
C61: NAL84 | D61: 14 | E61: High voltage critical peak demand locational | F61: No | G61: =IF(SUM('Distribution 2026-27:Jurisdictional 2026-27'!G61)=0,"",SUM('Distribution 2026-27:Jurisdictional 2026-27'!G61)) -> 7829.4291 | H61: =IF(SUM('Distribution 2026-27:Jurisdictional 2026-27'!H61)=0,"",SUM('Distribution 2026-27:Jurisdictional 2026-27'!H61)) | I61: =IF(SUM('Distribution 2026-27:Jurisdictional 2026-27'!I61)=0,"",SUM('Distribution 2026-27:Jurisdictional 2026-27'!I61)) | J61: =IF(SUM('Distribution 2026-27:Jurisdictional 2026-27'!J61)=0,"",SUM('Distribution 2026-27:Jurisdictional 2026-27'!J61)) | K61: =IF(SUM('Distribution 2026-27:Jurisdictional 2026-27'!K61)=0,"",SUM('Distribution 2026-27:Jurisdictional 2026-27'!K61)) -> 3.9984599 | L61: =IF(SUM('Distribution 2026-27:Jurisdictional 2026-27'!L61)=0,"",SUM('Distribution 2026-27:Jurisdictional 2026-27'!L61)) | M61: =IF(SUM('Distribution 2026-27:Jurisdictional 2026-27'!M61)=0,"",SUM('Distribution 2026-27:Jurisdictional 2026-27'!M61)) | N61: =IF(SUM('Distribution 2026-27:Jurisdictional 2026-27'!N61)=0,"",SUM('Distribution 2026-27:Jurisdictional 2026-27'!N61)) | ... X61: =IF(SUM('Distribution 2026-27:Jurisdictional 2026-27'!X61)=0,"",SUM('Distribution 2026-27:Jurisdictional 2026-27'!X61))
B62: Sub transmission | C62: NSP91 | D62: 14 | E62: Sub transmission critical peak demand < 25 MVA & < 20 km from ts | F62: No | G62: =IF(SUM('Distribution 2026-27:Jurisdictional 2026-27'!G62)=0,"",SUM('Distribution 2026-27:Jurisdictional 2026-27'!G62)) -> 27707.272 | H62: =IF(SUM('Distribution 2026-27:Jurisdictional 2026-27'!H62)=0,"",SUM('Distribution 2026-27:Jurisdictional 2026-27'!H62)) | I62: =IF(SUM('Distribution 2026-27:Jurisdictional 2026-27'!I62)=0,"",SUM('Distribution 2026-27:Jurisdictional 2026-27'!I62)) | J62: =IF(SUM('Distribution 2026-27:Jurisdictional 2026-27'!J62)=0,"",SUM('Distribution 2026-27:Jurisdictional 2026-27'!J62)) | K62: =IF(SUM('Distribution 2026-27:Jurisdictional 2026-27'!K62)=0,"",SUM('Distribution 2026-27:Jurisdictional 2026-27'!K62)) -> 3.9301558 | L62: =IF(SUM('Distribution 2026-27:Jurisdictional 2026-27'!L62)=0,"",SUM('Distribution 2026-27:Jurisdictional 2026-27'!L62)) | M62: =IF(SUM('Distribution 2026-27:Jurisdictional 2026-27'!M62)=0,"",SUM('Distribution 2026-27:Jurisdictional 2026-27'!M62)) | N62: =IF(SUM('Distribution 2026-27:Jurisdictional 2026-27'!N62)=0,"",SUM('Distribution 2026-27:Jurisdictional 2026-27'!N62)) | ... X62: =IF(SUM('Distribution 2026-27:Jurisdictional 2026-27'!X62)=0,"",SUM('Distribution 2026-27:Jurisdictional 2026-27'!X62))
C63: NEE93 | D63: 3 | E63: Large Labtrobe Valley open cut supplies | F63: Yes | G63: =IF(SUM('Distribution 2026-27:Jurisdictional 2026-27'!G63)=0,"",SUM('Distribution 2026-27:Jurisdictional 2026-27'!G63)) | H63: =IF(SUM('Distribution 2026-27:Jurisdictional 2026-27'!H63)=0,"",SUM('Distribution 2026-27:Jurisdictional 2026-27'!H63)) | I63: =IF(SUM('Distribution 2026-27:Jurisdictional 2026-27'!I63)=0,"",SUM('Distribution 2026-27:Jurisdictional 2026-27'!I63)) | J63: =IF(SUM('Distribution 2026-27:Jurisdictional 2026-27'!J63)=0,"",SUM('Distribution 2026-27:Jurisdictional 2026-27'!J63)) | K63: =IF(SUM('Distribution 2026-27:Jurisdictional 2026-27'!K63)=0,"",SUM('Distribution 2026-27:Jurisdictional 2026-27'!K63)) -> 3.3971028 | L63: =IF(SUM('Distribution 2026-27:Jurisdictional 2026-27'!L63)=0,"",SUM('Distribution 2026-27:Jurisdictional 2026-27'!L63)) | M63: =IF(SUM('Distribution 2026-27:Jurisdictional 2026-27'!M63)=0,"",SUM('Distribution 2026-27:Jurisdictional 2026-27'!M63)) | N63: =IF(SUM('Distribution 2026-27:Jurisdictional 2026-27'!N63)=0,"",SUM('Distribution 2026-27:Jurisdictional 2026-27'!N63)) | ... X63: =IF(SUM('Distribution 2026-27:Jurisdictional 2026-27'!X63)=0,"",SUM('Distribution 2026-27:Jurisdictional 2026-27'!X63))
C64: NSP94 | D64: 14 | E64: Sub transmission critical peak demand > 25 MVA & < 20 km from ts | F64: No | G64: =IF(SUM('Distribution 2026-27:Jurisdictional 2026-27'!G64)=0,"",SUM('Distribution 2026-27:Jurisdictional 2026-27'!G64)) -> 27707.272 | H64: =IF(SUM('Distribution 2026-27:Jurisdictional 2026-27'!H64)=0,"",SUM('Distribution 2026-27:Jurisdictional 2026-27'!H64)) | I64: =IF(SUM('Distribution 2026-27:Jurisdictional 2026-27'!I64)=0,"",SUM('Distribution 2026-27:Jurisdictional 2026-27'!I64)) | J64: =IF(SUM('Distribution 2026-27:Jurisdictional 2026-27'!J64)=0,"",SUM('Distribution 2026-27:Jurisdictional 2026-27'!J64)) | K64: =IF(SUM('Distribution 2026-27:Jurisdictional 2026-27'!K64)=0,"",SUM('Distribution 2026-27:Jurisdictional 2026-27'!K64)) -> 3.8855989 | L64: =IF(SUM('Distribution 2026-27:Jurisdictional 2026-27'!L64)=0,"",SUM('Distribution 2026-27:Jurisdictional 2026-27'!L64)) | M64: =IF(SUM('Distribution 2026-27:Jurisdictional 2026-27'!M64)=0,"",SUM('Distribution 2026-27:Jurisdictional 2026-27'!M64)) | N64: =IF(SUM('Distribution 2026-27:Jurisdictional 2026-27'!N64)=0,"",SUM('Distribution 2026-27:Jurisdictional 2026-27'!N64)) | ... X64: =IF(SUM('Distribution 2026-27:Jurisdictional 2026-27'!X64)=0,"",SUM('Distribution 2026-27:Jurisdictional 2026-27'!X64))
C65: STSS | D65: 14 | E65: Sub transmission site specific critical peak demand > 50 MVA | F65: No | G65: =IF(SUM('Distribution 2026-27:Jurisdictional 2026-27'!G65)=0,"",SUM('Distribution 2026-27:Jurisdictional 2026-27'!G65)) -> 79.012455 | H65: =IF(SUM('Distribution 2026-27:Jurisdictional 2026-27'!H65)=0,"",SUM('Distribution 2026-27:Jurisdictional 2026-27'!H65)) | I65: =IF(SUM('Distribution 2026-27:Jurisdictional 2026-27'!I65)=0,"",SUM('Distribution 2026-27:Jurisdictional 2026-27'!I65)) | J65: =IF(SUM('Distribution 2026-27:Jurisdictional 2026-27'!J65)=0,"",SUM('Distribution 2026-27:Jurisdictional 2026-27'!J65)) | K65: =IF(SUM('Distribution 2026-27:Jurisdictional 2026-27'!K65)=0,"",SUM('Distribution 2026-27:Jurisdictional 2026-27'!K65)) | L65: =IF(SUM('Distribution 2026-27:Jurisdictional 2026-27'!L65)=0,"",SUM('Distribution 2026-27:Jurisdictional 2026-27'!L65)) | M65: =IF(SUM('Distribution 2026-27:Jurisdictional 2026-27'!M65)=0,"",SUM('Distribution 2026-27:Jurisdictional 2026-27'!M65)) | N65: =IF(SUM('Distribution 2026-27:Jurisdictional 2026-27'!N65)=0,"",SUM('Distribution 2026-27:Jurisdictional 2026-27'!N65)) | ... X65: =IF(SUM('Distribution 2026-27:Jurisdictional 2026-27'!X65)=0,"",SUM('Distribution 2026-27:Jurisdictional 2026-27'!X65))
C66: NSP95 | D66: 14 | E66: Sub transmission critical peak demand < 25 MVA & > 20 km from ts | F66: No | G66: =IF(SUM('Distribution 2026-27:Jurisdictional 2026-27'!G66)=0,"",SUM('Distribution 2026-27:Jurisdictional 2026-27'!G66)) -> 27707.272 | H66: =IF(SUM('Distribution 2026-27:Jurisdictional 2026-27'!H66)=0,"",SUM('Distribution 2026-27:Jurisdictional 2026-27'!H66)) | I66: =IF(SUM('Distribution 2026-27:Jurisdictional 2026-27'!I66)=0,"",SUM('Distribution 2026-27:Jurisdictional 2026-27'!I66)) | J66: =IF(SUM('Distribution 2026-27:Jurisdictional 2026-27'!J66)=0,"",SUM('Distribution 2026-27:Jurisdictional 2026-27'!J66)) | K66: =IF(SUM('Distribution 2026-27:Jurisdictional 2026-27'!K66)=0,"",SUM('Distribution 2026-27:Jurisdictional 2026-27'!K66)) -> 3.9774819 | L66: =IF(SUM('Distribution 2026-27:Jurisdictional 2026-27'!L66)=0,"",SUM('Distribution 2026-27:Jurisdictional 2026-27'!L66)) | M66: =IF(SUM('Distribution 2026-27:Jurisdictional 2026-27'!M66)=0,"",SUM('Distribution 2026-27:Jurisdictional 2026-27'!M66)) | N66: =IF(SUM('Distribution 2026-27:Jurisdictional 2026-27'!N66)=0,"",SUM('Distribution 2026-27:Jurisdictional 2026-27'!N66)) | ... X66: =IF(SUM('Distribution 2026-27:Jurisdictional 2026-27'!X66)=0,"",SUM('Distribution 2026-27:Jurisdictional 2026-27'!X66))
C67: NAL96 | D67: 14 | E67: Sub transmission critical peak demand locational | F67: No | G67: =IF(SUM('Distribution 2026-27:Jurisdictional 2026-27'!G67)=0,"",SUM('Distribution 2026-27:Jurisdictional 2026-27'!G67)) -> 27707.272 | H67: =IF(SUM('Distribution 2026-27:Jurisdictional 2026-27'!H67)=0,"",SUM('Distribution 2026-27:Jurisdictional 2026-27'!H67)) | I67: =IF(SUM('Distribution 2026-27:Jurisdictional 2026-27'!I67)=0,"",SUM('Distribution 2026-27:Jurisdictional 2026-27'!I67)) | J67: =IF(SUM('Distribution 2026-27:Jurisdictional 2026-27'!J67)=0,"",SUM('Distribution 2026-27:Jurisdictional 2026-27'!J67)) | K67: =IF(SUM('Distribution 2026-27:Jurisdictional 2026-27'!K67)=0,"",SUM('Distribution 2026-27:Jurisdictional 2026-27'!K67)) -> 0.70413846 | L67: =IF(SUM('Distribution 2026-27:Jurisdictional 2026-27'!L67)=0,"",SUM('Distribution 2026-27:Jurisdictional 2026-27'!L67)) | M67: =IF(SUM('Distribution 2026-27:Jurisdictional 2026-27'!M67)=0,"",SUM('Distribution 2026-27:Jurisdictional 2026-27'!M67)) | N67: =IF(SUM('Distribution 2026-27:Jurisdictional 2026-27'!N67)=0,"",SUM('Distribution 2026-27:Jurisdictional 2026-27'!N67)) | ... X67: =IF(SUM('Distribution 2026-27:Jurisdictional 2026-27'!X67)=0,"",SUM('Distribution 2026-27:Jurisdictional 2026-27'!X67))

Sheet Distribution 2026-27
B2: Distribution tariff schedule
B3: Date of Application - 1 July 2026 | G3: Fixed | H3: Anytime | I3: Block 1 | J3: Block 2 | K3: Peak | L3: Shoulder | M3: Summer peak | N3: Summer shoulder | O3: Winter peak | P3: Off-peak | Q3: Dedicated | R3: Solar soak | S3: Export charge | T3: Export reward | U3: Capacity | V3: Critical peak | W3: Monthly peak | X3: Monthly off-peak
B5: Tariff class | C5: Tariff code | D5: Tariff Structure | E5: Description | F5: Closed to New Entrants | G5: Standing charge | H5: Anytime | I5: Block 1 | J5: Block 2 | K5: Peak | L5: Shoulder all year | M5: Summer peak | N5: Summer shoulder | O5: Winter peak | P5: Off Peak | Q5: Dedicated circuit | R5: Solar soak | S5: Export charge^ | T5: Export reward | U5: Capacity | V5: Critical peak demand | W5: Monthly peak kW demand | X5: Monthly off peak kW demand
G6: $/year | H6: c/kWh | I6: c/kWh | J6: c/kWh | K6: c/kWh | L6: c/kWh | M6: c/kWh | N6: c/kWh | O6: c/kWh | P6: c/kWh | Q6: c/kWh | R6: c/kWh | S6: c/kWh | T6: c/kWh | U6: $/kVA/yr | V6: $/kVA/yr | W6: $/kW/mth | X6: $/kW/mth
B7: Residential | C7: NEE11 | D7: 1 | E7: Small single rate | F7: No | G7: 145.30522 | I7: 9.987278 | J7: 9.987278
C8: NEE11S | D8: 1 | E8: Small single rate standard feed in | F8: No | G8: 145.30522 | I8: 9.987278 | J8: 9.987278
C9: NEE19 | D9: 1 & 19 | E9: Small single rate & dedicated circuit 24 hour | F9: No | G9: 145.30522 | I9: 9.987278 | J9: 9.987278 | Q9: 3.845656
C10: NASS11 | D10: 21 | E10: Small residential time of use | F10: No | G10: 145.30522 | K10: 23.513247 | P10: 4.2751359 | R10: 1 | AB10: NAST11
C11: NASS11S | D11: 21 | E11: Small residential time of use standard feed in | F11: No | G11: 145.30522 | K11: 23.513247 | P11: 4.2751359 | R11: 1 | AB11: NAST11S
C12: NAST17 | D12: 19 & 21 | E12: Small residential time of use & dedicated circuit 24 hour | F12: No | G12: 145.30522 | K12: 23.513247 | P12: 4.2751359 | Q12: 3.845656 | R12: 1
C13: NEE24 | D13: 4 | E13: Small two rate 8:00 to 8:00* | F13: Yes | G13: 145.30522 | K13: 8.6110701 | P13: 3.626499
C14: NSP20 | D14: 7 | E14: Small interval meter time of use | F14: Yes | G14: 145.30522 | M14: 44.360601 | N14: 38.817208 | O14: 33.972483 | P14: 3.7835514
C15: NSP23 | D15: 7 | E15: Small interval meter time of use solar installation standard feed in | F15: Yes | G15: 145.30522 | M15: 44.360601 | N15: 38.817208 | O15: 33.972483 | P15: 3.7835514
C16: NEE30 | D16: 9 | E16: Small dedicated circuit | F16: Yes | Q16: 3.845656
C17: NEE31 | D17: 10 | E17: Small dedicated circuit with afternoon boost | F17: Yes | Q17: 3.845656
C18: NEE32 | D18: 11 | E18: Small dedicated circuit 8:00 to 8:00 | F18: Yes | Q18: 3.845656
C19: NEE33 | D19: 19 | E19: Small dedicated circuit 24 hour | F19: Yes | Q19: 3.845656
C20: RCER11 | D20: 20 | E20: Residential CER | F20: No | G20: 145.30522 | K20: 23.513247 | P20: 4.2751359 | R20: 1 | S20: 1 | T20: -10
B22: * Available to customers in rural areas with heating requirement
B23: * Includes a BEL of 1 kWh per day
B25: Tariff class | C25: Tariff code | D25: Tariff Structure | E25: Description | F25: Closed to New Entrants | G25: Standing charge | H25: Anytime | I25: Block 1 | J25: Block 2 | K25: Peak | L25: Shoulder all year | M25: Summer peak | N25: Summer shoulder | O25: Winter peak | P25: Off Peak | Q25: Dedicated circuit | R25: Solar soak | S25: Export charge | T25: Export reward | U25: Capacity | V25: Critical peak demand | W25: Monthly peak kW demand | X25: Monthly off peak kW demand
G26: $/year | H26: c/kWh | I26: c/kWh | J26: c/kWh | K26: c/kWh | L26: c/kWh | M26: c/kWh | N26: c/kWh | O26: c/kWh | P26: c/kWh | Q26: c/kWh | R26: c/kWh | S26: c/kWh | T26: c/kWh | U26: $/kVA/yr | V26: $/kVA/yr | W26: $/kW/mth | X26: $/kW/mth
B27: Small industrial & commercial | C27: NEE12 | D27: 1 | E27: Small single rate | F27: No | G27: 148.93785 | I27: 14.16491 | J27: 14.16491
C28: NEE12S | D28: 1 | E28: Small single rate standard feed in | F28: No | G28: 148.93785 | I28: 14.16491 | J28: 14.16491
C29: NEE16 | D29: 1 & 9 | E29: Small single rate & dedicated circuit | F29: Yes | G29: 148.93785 | I29: 14.16491 | J29: 14.16491 | Q29: 3.8344139
C30: NEE17 | D30: 1 & 10 | E30: Small single rate & dedicated circuit with afternoon boost | F30: Yes | G30: 148.93785 | I30: 14.16491 | J30: 14.16491 | Q30: 3.8344139
C31: NEE18 | D31: 1 & 11 | E31: Small single rate & dedicated circuit 8:00 to 8:00 | F31: Yes | G31: 148.93785 | I31: 14.16491 | J31: 14.16491 | Q31: 3.8344139
C32: NAST12 | D32: 17 | E32: Small business time of use | F32: No | G32: 148.93785 | K32: 17.33075 | P32: 3.8243222
C33: NAST12S | D33: 17 | E33: Small business time of use standard feed in | F33: No | G33: 148.93785 | K33: 17.33075 | P33: 3.8243222
C34: NASN12 | D34: 15 | E34: Small business single rate demand | F34: No | G34: 148.93785 | H34: 13.353515 | W34: 11.472532 | X34: 2.8621947
C35: NASN12S | D35: 15 | E35: Small business single rate demand standard feed in | F35: No | G35: 148.93785 | H35: 13.353515 | W35: 11.472532 | X35: 2.8621947
C36: NASN19 | D36: 15 | E36: Business > 40 MWh single rate demand | F36: No | G36: 156.20311 | H36: 15.963694 | W36: 9.193294 | X36: 2.2935651
C37: NASN21 | D37: 2 | E37: Business > 40 MWh two rate demand | F37: No | G37: 156.20311 | K37: 15.93803 | P37: 3.6692965 | W37: 9.193294 | X37: 2.2935651
C38: NASN2S | D38: 2 | E38: Business > 40 MWh two rate demand standard feed in | F38: No | G38: 156.20311 | K38: 15.93803 | P38: 3.6692965 | W38: 9.193294 | X38: 2.2935651
C39: NSP21 | D39: 7 | E39: Small interval meter time of use | F39: Yes | G39: 148.93785 | M39: 46.925566 | N39: 41.06165 | O39: 35.936799 | P39: 4.0023194
C40: NSP27 | D40: 7 | E40: Small interval meter low peak time of use | F40: Yes | G40: 148.93785 | M40: 26.366522 | N40: 23.112986 | O40: 20.27121 | P40: 7.2383557
C41: SSP27 | D41: 7 | E41: Small interval meter time of use solar installation standard feed in | F41: Yes | G41: 148.93785 | M41: 26.366522 | N41: 23.112986 | O41: 20.27121 | P41: 7.2383557
B45: Tariff class | C45: Tariff code | D45: Tariff Structure | E45: Description | F45: Closed to New Entrants | G45: Standing charge | H45: Anytime | I45: Block 1 | J45: Block 2 | K45: Peak | L45: Shoulder all year | M45: Summer peak | N45: Summer shoulder | O45: Winter peak | P45: Off Peak | Q45: Dedicated circuit | R45: Solar soak | S45: Export charge | T45: Export reward | U45: Capacity | V45: Critical peak demand | W45: Monthly peak kW demand | X45: Monthly off peak kW demand
G46: $/year | H46: c/kWh | I46: c/kWh | J46: c/kWh | K46: c/kWh | L46: c/kWh | M46: c/kWh | N46: c/kWh | O46: c/kWh | P46: c/kWh | Q46: c/kWh | R46: c/kWh | S46: c/kWh | T46: c/kWh | U46: $/kVA/yr | V46: $/kVA/yr | W46: $/kW/mth | X46: $/kW/mth
B47: Medium industrial & commercial | C47: NEE52 | D47: 3 | E47: Medium unmetered | F47: No | K47: 21.390994 | P47: 10.84489
C48: NEE55 | D48: 12 | E48: Medium snowfields | F48: No | G48: 143.93747 | K48: 18.546328 | P48: 5.1867267
C49: NSP55 | D49: 7 | E49: Medium interval meter time of use snowfields | F49: No | G49: 143.93747 | M49: 49.138411 | N49: 42.997822 | O49: 37.63128 | P49: 2.9872069
C50: NSP56 | D50: 18 | E50: Medium critical peak demand 160 MWh to 400 MWh | F50: No | G50: 3467.2997 | K50: 14.209932 | L50: 10.161502 | P50: 4.6223392 | U50: 24.521528 | V50: 40.873428
C51: NAT56 | D51: 18 | E51: Medium critical peak demand 160 MWh to 400 MWh (Transitional) | F51: Yes | G51: 3467.2997 | K51: 14.209932 | L51: 10.161502 | P51: 4.6223392
C52: NEN56 | D52: 13 | E52: Medium critical peak demand 160 MWh to 400 MWh within embedded network | F52: Yes | G52: 3467.2997 | K52: 11.300261 | L52: 7.8757107 | P52: 4.8985795 | U52: 24.521528 | V52: 40.873428
B53: Large industrial & commercial | C53: NSP75 | D53: 13 | E53: Large critical peak demand 400 MWh to 750 MWh | F53: No | G53: 7751.7944 | K53: 4.0529933 | L53: 2.7462496 | P53: 1.5663924 | U53: 59.540656 | V53: 99.857934
C54: NAT75 | D54: 13 | E54: Large critical peak demand 400 MWh to 750 MWh (Transitional) | F54: Yes | G54: 7751.7944 | K54: 4.0529933 | L54: 2.7462496 | P54: 1.5663924
C55: NSP76 | D55: 13 | E55: Large critical peak demand 750 MWh to 2000 MWh | F55: No | G55: 7751.7944 | K55: 3.7804841 | L55: 2.4775605 | P55: 1.4048466 | U55: 62.081024 | V55: 104.98922
C56: NSP77 | D56: 13 | E56: Large critical peak demand 2000 MWh to 4000 MWh | F56: No | G56: 7751.7944 | K56: 3.713067 | L56: 2.4492997 | P56: 1.3260773 | U56: 68.059103 | V56: 112.97685
C57: NSP78 | D57: 13 | E57: Large critical peak demand over 4000 MWh | F57: No | G57: 7751.7944 | K57: 3.3287124 | L57: 2.1969958 | P57: 1.1489599 | U57: 74.871333 | V57: 123.87136
B58: High voltage | C58: NSP81 | D58: 14 | E58: High voltage critical peak demand | F58: No | G58: 7751.7944 | K58: 0.72511646 | P58: 0.29334257 | U58: 49.201481 | V58: 80.636113
C59: NSP82 | D59: 13 | E59: High voltage critical peak demand traction | F59: No | G59: 7751.7944 | K59: 0.65138029 | L59: 0.65138029 | P59: 0.55495928 | U59: 45.102415 | V59: 73.808567
C60: NSP83 | D60: 13 | E60: High voltage critical peak demand low energy use | F60: No | G60: 7751.7944 | K60: 11.920109 | L60: 4.1710626 | P60: 1.2989182 | U60: 5.2436294 | V60: 8.6633878
C61: NAL84 | D61: 14 | E61: High voltage critical peak demand locational | F61: No | G61: 7751.7944 | K61: 0.72511646 | P61: 0.29334257 | U61: 49.201481 | V61: 80.636113
B62: Sub transmission | C62: NSP91 | D62: 14 | E62: Sub transmission critical peak demand < 25 MVA & < 20 km from ts | F62: No | G62: 27628.26 | K62: 0.65681234 | P62: 0.061758078 | U62: 3.2788736 | V62: 5.4057105
C63: NEE93 | D63: 3 | E63: Large Labtrobe Valley open cut supplies | F63: Yes | K63: 1.292094 | P63: 1.292094
C64: NSP94 | D64: 14 | E64: Sub transmission critical peak demand > 25 MVA & < 20 km from ts | F64: No | G64: 27628.26 | K64: 0.61225546 | P64: 0.039320321 | U64: 2.4433305 | V64: 4.0637776
C65: STSS | D65: 14 | E65: Sub transmission site specific critical peak demand > 50 MVA | F65: No | G65: Site specific | K65: Site specific | P65: Site specific | U65: Site specific | V65: Site specific
C66: NSP95 | D66: 14 | E66: Sub transmission critical peak demand < 25 MVA & > 20 km from ts | F66: No | G66: 27628.26 | K66: 0.70413846 | P66: 0.088630175 | U66: 5.0765571 | V66: 8.4313891
C67: NAL96 | D67: 14 | E67: Sub transmission critical peak demand locational | F67: No | G67: 27628.26 | K67: 0.70413846 | P67: 0.088630175 | U67: 5.0765571 | V67: 8.4313891

Sheet Transmission 2026-27
B2: Transmission tariff schedule
B3: Date of Application - 1 July 2026 | G3: Fixed | H3: Anytime | I3: Block 1 | J3: Block 2 | K3: Peak | L3: Shoulder | M3: Summer peak | N3: Summer shoulder | O3: Winter peak | P3: Off-peak | Q3: Dedicated | R3: Solar soak | S3: Export charge | T3: Export reward | U3: Capacity | V3: Critical peak | W3: Monthly peak | X3: Monthly off-peak
B5: Tariff class | C5: Tariff code | D5: Tariff Structure | E5: Description | F5: Closed to New Entrants | G5: Standing charge | H5: Anytime | I5: Block 1 | J5: Block 2 | K5: Peak | L5: Shoulder all year | M5: Summer peak | N5: Summer shoulder | O5: Winter peak | P5: Off Peak | Q5: Dedicated circuit | R5: Solar soak | S5: Export charge^ | T5: Export reward | U5: Capacity | V5: Critical peak demand | W5: Monthly peak kW demand | X5: Monthly off peak kW demand
G6: $/year | H6: c/kWh | I6: c/kWh | J6: c/kWh | K6: c/kWh | L6: c/kWh | M6: c/kWh | N6: c/kWh | O6: c/kWh | P6: c/kWh | Q6: c/kWh | R6: c/kWh | S6: c/kWh | T6: c/kWh | U6: $/kVA/yr | V6: $/kVA/yr | W6: $/kW/mth | X6: $/kW/mth
B7: Residential | C7: NEE11 | D7: 1 | E7: Small single rate | F7: No | I7: 3.2733435 | J7: 3.2733435
C8: NEE11S | D8: 1 | E8: Small single rate standard feed in | F8: No | I8: 3.2733435 | J8: 3.2733435
C9: NEE19 | D9: 1 & 19 | E9: Small single rate & dedicated circuit 24 hour | F9: No | I9: 3.2733435 | J9: 3.2733435 | Q9: 0.91290615
C10: NASS11 | D10: 21 | E10: Small residential time of use | F10: No | K10: 3.2733435 | P10: 0.91290615 | AB10: NAST11
C11: NASS11S | D11: 21 | E11: Small residential time of use standard feed in | F11: No | K11: 3.2733435 | P11: 0.91290615 | AB11: NAST11S
C12: NAST17 | D12: 19 & 21 | E12: Small residential time of use & dedicated circuit 24 hour | F12: No | K12: 3.2733435 | P12: 0.91290615 | Q12: 0.91290615
C13: NEE24 | D13: 4 | E13: Small two rate 8:00 to 8:00* | F13: Yes | K13: 3.2733435 | P13: 0.91290615
C14: NSP20 | D14: 7 | E14: Small interval meter time of use | F14: Yes | M14: 3.2733435 | N14: 3.2733435 | O14: 3.2733435 | P14: 0.91290615
C15: NSP23 | D15: 7 | E15: Small interval meter time of use solar installation standard feed in | F15: Yes | M15: 3.2733435 | N15: 3.2733435 | O15: 3.2733435 | P15: 0.91290615
C16: NEE30 | D16: 9 | E16: Small dedicated circuit | F16: Yes | Q16: 0.91290615
C17: NEE31 | D17: 10 | E17: Small dedicated circuit with afternoon boost | F17: Yes | Q17: 0.91290615
C18: NEE32 | D18: 11 | E18: Small dedicated circuit 8:00 to 8:00 | F18: Yes | Q18: 0.91290615
C19: NEE33 | D19: 19 | E19: Small dedicated circuit 24 hour | F19: Yes | Q19: 0.91290615
C20: RCER11 | D20: 20 | E20: Residential CER | F20: No | K20: 3.2733435 | P20: 0.91290615
B22: * Available to customers in rural areas with heating requirement
B23: * Includes a BEL of 1 kWh per day
B25: Tariff class | C25: Tariff code | D25: Tariff Structure | E25: Description | F25: Closed to New Entrants | G25: Standing charge | H25: Anytime | I25: Block 1 | J25: Block 2 | K25: Peak | L25: Shoulder all year | M25: Summer peak | N25: Summer shoulder | O25: Winter peak | P25: Off Peak | Q25: Dedicated circuit | R25: Solar soak | S25: Export charge | T25: Export reward | U25: Capacity | V25: Critical peak demand | W25: Monthly peak kW demand | X25: Monthly off peak kW demand
G26: $/year | H26: c/kWh | I26: c/kWh | J26: c/kWh | K26: c/kWh | L26: c/kWh | M26: c/kWh | N26: c/kWh | O26: c/kWh | P26: c/kWh | Q26: c/kWh | R26: c/kWh | S26: c/kWh | T26: c/kWh | U26: $/kVA/yr | V26: $/kVA/yr | W26: $/kW/mth | X26: $/kW/mth
B27: Small industrial & commercial | C27: NEE12 | D27: 1 | E27: Small single rate | F27: No | I27: 3.2733435 | J27: 3.2733435
C28: NEE12S | D28: 1 | E28: Small single rate standard feed in | F28: No | I28: 3.2733435 | J28: 3.2733435
C29: NEE16 | D29: 1 & 9 | E29: Small single rate & dedicated circuit | F29: Yes | I29: 3.2733435 | J29: 3.2733435 | Q29: 0.91290615
C30: NEE17 | D30: 1 & 10 | E30: Small single rate & dedicated circuit with afternoon boost | F30: Yes | I30: 3.2733435 | J30: 3.2733435 | Q30: 0.91290615
C31: NEE18 | D31: 1 & 11 | E31: Small single rate & dedicated circuit 8:00 to 8:00 | F31: Yes | I31: 3.2733435 | J31: 3.2733435 | Q31: 0.91290615
C32: NAST12 | D32: 17 | E32: Small business time of use | F32: No | K32: 3.2733435 | P32: 0.91290615
C33: NAST12S | D33: 17 | E33: Small business time of use standard feed in | F33: No | K33: 3.2733435 | P33: 0.91290615
C34: NASN12 | D34: 15 | E34: Small business single rate demand | F34: No | H34: 3.2733435
C35: NASN12S | D35: 15 | E35: Small business single rate demand standard feed in | F35: No | H35: 3.2733435
C36: NASN19 | D36: 15 | E36: Business > 40 MWh single rate demand | F36: No | H36: 3.2733435
C37: NASN21 | D37: 2 | E37: Business > 40 MWh two rate demand | F37: No | K37: 3.2733435 | P37: 0.91290615
C38: NASN2S | D38: 2 | E38: Business > 40 MWh two rate demand standard feed in | F38: No | K38: 3.2733435 | P38: 0.91290615
C39: NSP21 | D39: 7 | E39: Small interval meter time of use | F39: Yes | M39: 3.2733435 | N39: 3.2733435 | O39: 3.2733435 | P39: 0.91290615
C40: NSP27 | D40: 7 | E40: Small interval meter low peak time of use | F40: Yes | M40: 3.2733435 | N40: 3.2733435 | O40: 3.2733435 | P40: 0.91290615
C41: SSP27 | D41: 7 | E41: Small interval meter time of use solar installation standard feed in | F41: Yes | M41: 3.2733435 | N41: 3.2733435 | O41: 3.2733435 | P41: 0.91290615
B45: Tariff class | C45: Tariff code | D45: Tariff Structure | E45: Description | F45: Closed to New Entrants | G45: Standing charge | H45: Anytime | I45: Block 1 | J45: Block 2 | K45: Peak | L45: Shoulder all year | M45: Summer peak | N45: Summer shoulder | O45: Winter peak | P45: Off Peak | Q45: Dedicated circuit | R45: Solar soak | S45: Export charge | T45: Export reward | U45: Capacity | V45: Critical peak demand | W45: Monthly peak kW demand | X45: Monthly off peak kW demand
G46: $/year | H46: c/kWh | I46: c/kWh | J46: c/kWh | K46: c/kWh | L46: c/kWh | M46: c/kWh | N46: c/kWh | O46: c/kWh | P46: c/kWh | Q46: c/kWh | R46: c/kWh | S46: c/kWh | T46: c/kWh | U46: $/kVA/yr | V46: $/kVA/yr | W46: $/kW/mth | X46: $/kW/mth
B47: Medium industrial & commercial | C47: NEE52 | D47: 3 | E47: Medium unmetered | F47: No | K47: 3.2733435 | P47: 0.91290615
C48: NEE55 | D48: 12 | E48: Medium snowfields | F48: No | K48: 3.2733435 | P48: 0.91290615
C49: NSP55 | D49: 7 | E49: Medium interval meter time of use snowfields | F49: No | M49: 3.2733435 | N49: 3.2733435 | O49: 3.2733435 | P49: 0.91290615
C50: NSP56 | D50: 18 | E50: Medium critical peak demand 160 MWh to 400 MWh | F50: No | K50: 3.2733435 | L50: 3.2733435 | P50: 0.91290615
C51: NAT56 | D51: 18 | E51: Medium critical peak demand 160 MWh to 400 MWh (Transitional) | F51: Yes | K51: 3.2733435 | L51: 3.2733435 | P51: 0.91290615
C52: NEN56 | D52: 13 | E52: Medium critical peak demand 160 MWh to 400 MWh within embedded network | F52: Yes | K52: 3.2733435 | L52: 3.2733435 | P52: 0.91290615
B53: Large industrial & commercial | C53: NSP75 | D53: 13 | E53: Large critical peak demand 400 MWh to 750 MWh | F53: No | K53: 3.2733435 | L53: 3.2733435 | P53: 0.91290615
C54: NAT75 | D54: 13 | E54: Large critical peak demand 400 MWh to 750 MWh (Transitional) | F54: Yes | K54: 3.2733435 | L54: 3.2733435 | P54: 0.91290615
C55: NSP76 | D55: 13 | E55: Large critical peak demand 750 MWh to 2000 MWh | F55: No | K55: 3.2733435 | L55: 3.2733435 | P55: 0.91290615
C56: NSP77 | D56: 13 | E56: Large critical peak demand 2000 MWh to 4000 MWh | F56: No | K56: 3.2733435 | L56: 3.2733435 | P56: 0.91290615
C57: NSP78 | D57: 13 | E57: Large critical peak demand over 4000 MWh | F57: No | K57: 3.2733435 | L57: 3.2733435 | P57: 0.91290615
B58: High voltage | C58: NSP81 | D58: 14 | E58: High voltage critical peak demand | F58: No | K58: 3.2733435 | P58: 0.91290615
C59: NSP82 | D59: 13 | E59: High voltage critical peak demand traction | F59: No | K59: 3.2733435 | L59: 3.2733435 | P59: 0.91290615
C60: NSP83 | D60: 13 | E60: High voltage critical peak demand low energy use | F60: No | K60: 3.2733435 | L60: 3.2733435 | P60: 0.91290615
C61: NAL84 | D61: 14 | E61: High voltage critical peak demand locational | F61: No | K61: 3.2733435 | P61: 0.91290615
B62: Sub transmission | C62: NSP91 | D62: 14 | E62: Sub transmission critical peak demand < 25 MVA & < 20 km from ts | F62: No | K62: 3.2733435 | P62: 0.91290615
C63: NEE93 | D63: 3 | E63: Large Labtrobe Valley open cut supplies | F63: Yes | K63: 2.1050088 | P63: 2.1050088
C64: NSP94 | D64: 14 | E64: Sub transmission critical peak demand > 25 MVA & < 20 km from ts | F64: No | K64: 3.2733435 | P64: 0.91290615
C65: STSS | D65: 14 | E65: Sub transmission site specific critical peak demand > 50 MVA | F65: No | K65: Site specific | P65: Site specific
C66: NSP95 | D66: 14 | E66: Sub transmission critical peak demand < 25 MVA & > 20 km from ts | F66: No | K66: 3.2733435 | P66: 0.91290615
C67: NAL96 | D67: 14 | E67: Sub transmission critical peak demand locational | F67: No | K67: Site specific | P67: Site specific

Sheet Jurisdictional 2026-27
B2: Jurisdictional scheme tariff schedule
B3: Date of Application - 1 July 2026 | G3: Fixed | H3: Anytime | I3: Block 1 | J3: Block 2 | K3: Peak | L3: Shoulder | M3: Summer peak | N3: Summer shoulder | O3: Winter peak | P3: Off-peak | Q3: Dedicated | R3: Solar soak | S3: Export charge | T3: Export reward | U3: Capacity | V3: Critical peak | W3: Monthly peak | X3: Monthly off-peak
B5: Tariff class | C5: Tariff code | D5: Tariff Structure | E5: Description | F5: Closed to New Entrants | G5: Standing charge | H5: Anytime | I5: Block 1 | J5: Block 2 | K5: Peak | L5: Shoulder all year | M5: Summer peak | N5: Summer shoulder | O5: Winter peak | P5: Off Peak | Q5: Dedicated circuit | R5: Solar soak | S5: Export charge^ | T5: Export reward | U5: Capacity | V5: Critical peak demand | W5: Monthly peak kW demand | X5: Monthly off peak kW demand
G6: $/year | H6: c/kWh | I6: c/kWh | J6: c/kWh | K6: c/kWh | L6: c/kWh | M6: c/kWh | N6: c/kWh | O6: c/kWh | P6: c/kWh | Q6: c/kWh | R6: c/kWh | S6: c/kWh | T6: c/kWh | U6: $/kVA/yr | V6: $/kVA/yr | W6: $/kW/mth | X6: $/kW/mth
B7: Residential | C7: NEE11 | D7: 1 | E7: Small single rate | F7: No | I7: 0.16903018 | J7: 0.16903018
C8: NEE11S | D8: 1 | E8: Small single rate standard feed in | F8: No | I8: 0.16903018 | J8: 0.16903018
C9: NEE19 | D9: 1 & 19 | E9: Small single rate & dedicated circuit 24 hour | F9: No | I9: 0.16903018 | J9: 0.16903018 | Q9: 0.14190188
C10: NASS11 | D10: 21 | E10: Small residential time of use | F10: No | K10: 0.16903018 | P10: 0.14190188 | AB10: NAST11
C11: NASS11S | D11: 21 | E11: Small residential time of use standard feed in | F11: No | K11: 0.16903018 | P11: 0.14190188 | AB11: NAST11S
C12: NAST17 | D12: 19 & 21 | E12: Small residential time of use & dedicated circuit 24 hour | F12: No | K12: 0.16903018 | P12: 0.14190188 | Q12: 0.14190188
C13: NEE24 | D13: 4 | E13: Small two rate 8:00 to 8:00* | F13: Yes | K13: 0.16903018 | P13: 0.14190188
C14: NSP20 | D14: 7 | E14: Small interval meter time of use | F14: Yes | M14: 0.16903018 | N14: 0.16903018 | O14: 0.16903018 | P14: 0.14190188
C15: NSP23 | D15: 7 | E15: Small interval meter time of use solar installation standard feed in | F15: Yes | M15: 0.16903018 | N15: 0.16903018 | O15: 0.16903018 | P15: 0.14190188
C16: NEE30 | D16: 9 | E16: Small dedicated circuit | F16: Yes | Q16: 0.14190188
C17: NEE31 | D17: 10 | E17: Small dedicated circuit with afternoon boost | F17: Yes | Q17: 0.14190188
C18: NEE32 | D18: 11 | E18: Small dedicated circuit 8:00 to 8:00 | F18: Yes | Q18: 0.14190188
C19: NEE33 | D19: 19 | E19: Small dedicated circuit 24 hour | F19: Yes | Q19: 0.14190188
C20: RCER11 | D20: 20 | E20: Residential CER | F20: No | K20: 0.16903018 | P20: 0.14190188
B22: * Available to customers in rural areas with heating requirement
B23: * Includes a BEL of 1 kWh per day
B25: Tariff class | C25: Tariff code | D25: Tariff Structure | E25: Description | F25: Closed to New Entrants | G25: Standing charge | H25: Anytime | I25: Block 1 | J25: Block 2 | K25: Peak | L25: Shoulder all year | M25: Summer peak | N25: Summer shoulder | O25: Winter peak | P25: Off Peak | Q25: Dedicated circuit | R25: Solar soak | S25: Export charge | T25: Export reward | U25: Capacity | V25: Critical peak demand | W25: Monthly peak kW demand | X25: Monthly off peak kW demand
G26: $/year | H26: c/kWh | I26: c/kWh | J26: c/kWh | K26: c/kWh | L26: c/kWh | M26: c/kWh | N26: c/kWh | O26: c/kWh | P26: c/kWh | Q26: c/kWh | R26: c/kWh | S26: c/kWh | T26: c/kWh | U26: $/kVA/yr | V26: $/kVA/yr | W26: $/kW/mth | X26: $/kW/mth
B27: Small industrial & commercial | C27: NEE12 | D27: 1 | E27: Small single rate | F27: No | I27: 0.16903018 | J27: 0.16903018
C28: NEE12S | D28: 1 | E28: Small single rate standard feed in | F28: No | I28: 0.16903018 | J28: 0.16903018
C29: NEE16 | D29: 1 & 9 | E29: Small single rate & dedicated circuit | F29: Yes | I29: 0.16903018 | J29: 0.16903018 | Q29: 0.14190188
C30: NEE17 | D30: 1 & 10 | E30: Small single rate & dedicated circuit with afternoon boost | F30: Yes | I30: 0.16903018 | J30: 0.16903018 | Q30: 0.14190188
C31: NEE18 | D31: 1 & 11 | E31: Small single rate & dedicated circuit 8:00 to 8:00 | F31: Yes | I31: 0.16903018 | J31: 0.16903018 | Q31: 0.14190188
C32: NAST12 | D32: 17 | E32: Small business time of use | F32: No | K32: 0.16903018 | P32: 0.14190188
C33: NAST12S | D33: 17 | E33: Small business time of use standard feed in | F33: No | K33: 0.16903018 | P33: 0.14190188
C34: NASN12 | D34: 15 | E34: Small business single rate demand | F34: No | H34: 0.16903018
C35: NASN12S | D35: 15 | E35: Small business single rate demand standard feed in | F35: No | H35: 0.16903018
C36: NASN19 | D36: 15 | E36: Business > 40 MWh single rate demand | F36: No | H36: 0.16903018
C37: NASN21 | D37: 2 | E37: Business > 40 MWh two rate demand | F37: No | K37: 0.16903018 | P37: 0.14190188
C38: NASN2S | D38: 2 | E38: Business > 40 MWh two rate demand standard feed in | F38: No | K38: 0.16903018 | P38: 0.14190188
C39: NSP21 | D39: 7 | E39: Small interval meter time of use | F39: Yes | M39: 0.16903018 | N39: 0.16903018 | O39: 0.16903018 | P39: 0.14190188
C40: NSP27 | D40: 7 | E40: Small interval meter low peak time of use | F40: Yes | M40: 0.16903018 | N40: 0.16903018 | O40: 0.16903018 | P40: 0.14190188
C41: SSP27 | D41: 7 | E41: Small interval meter time of use solar installation standard feed in | F41: Yes | M41: 0.16903018 | N41: 0.16903018 | O41: 0.16903018 | P41: 0.14190188
B45: Tariff class | C45: Tariff code | D45: Tariff Structure | E45: Description | F45: Closed to New Entrants | G45: Standing charge | H45: Anytime | I45: Block 1 | J45: Block 2 | K45: Peak | L45: Shoulder all year | M45: Summer peak | N45: Summer shoulder | O45: Winter peak | P45: Off Peak | Q45: Dedicated circuit | R45: Solar soak | S45: Export charge | T45: Export reward | U45: Capacity | V45: Critical peak demand | W45: Monthly peak kW demand | X45: Monthly off peak kW demand
G46: $/year | H46: c/kWh | I46: c/kWh | J46: c/kWh | K46: c/kWh | L46: c/kWh | M46: c/kWh | N46: c/kWh | O46: c/kWh | P46: c/kWh | Q46: c/kWh | R46: c/kWh | S46: c/kWh | T46: c/kWh | U46: $/kVA/yr | V46: $/kVA/yr | W46: $/kW/mth | X46: $/kW/mth
B47: Medium industrial & commercial | C47: NEE52 | D47: 3 | E47: Medium unmetered | F47: No | K47: 0.16903018 | P47: 0.14190188
C48: NEE55 | D48: 12 | E48: Medium snowfields | F48: No | G48: 67.596225
C49: NSP55 | D49: 7 | E49: Medium interval meter time of use snowfields | F49: No | G49: 67.596225
C50: NSP56 | D50: 18 | E50: Medium critical peak demand 160 MWh to 400 MWh | F50: No | G50: 77.634715
C51: NAT56 | D51: 18 | E51: Medium critical peak demand 160 MWh to 400 MWh (Transitional) | F51: Yes | G51: 77.634715
C52: NEN56 | D52: 13 | E52: Medium critical peak demand 160 MWh to 400 MWh within embedded network | F52: Yes | G52: 77.634715
B53: Large industrial & commercial | C53: NSP75 | D53: 13 | E53: Large critical peak demand 400 MWh to 750 MWh | F53: No | G53: 77.634715
C54: NAT75 | D54: 13 | E54: Large critical peak demand 400 MWh to 750 MWh (Transitional) | F54: Yes | G54: 77.634715
C55: NSP76 | D55: 13 | E55: Large critical peak demand 750 MWh to 2000 MWh | F55: No | G55: 77.634715
C56: NSP77 | D56: 13 | E56: Large critical peak demand 2000 MWh to 4000 MWh | F56: No | G56: 77.634715
C57: NSP78 | D57: 13 | E57: Large critical peak demand over 4000 MWh | F57: No | G57: 77.634715
B58: High voltage | C58: NSP81 | D58: 14 | E58: High voltage critical peak demand | F58: No | G58: 77.634715
C59: NSP82 | D59: 13 | E59: High voltage critical peak demand traction | F59: No | G59: 79.012455
C60: NSP83 | D60: 13 | E60: High voltage critical peak demand low energy use | F60: No | G60: 77.634715
C61: NAL84 | D61: 14 | E61: High voltage critical peak demand locational | F61: No | G61: 77.634715
B62: Sub transmission | C62: NSP91 | D62: 14 | E62: Sub transmission critical peak demand < 25 MVA & < 20 km from ts | F62: No | G62: 79.012455
C63: NEE93 | D63: 3 | E63: Large Labtrobe Valley open cut supplies | F63: Yes
C64: NSP94 | D64: 14 | E64: Sub transmission critical peak demand > 25 MVA & < 20 km from ts | F64: No | G64: 79.012455
C65: STSS | D65: 14 | E65: Sub transmission site specific critical peak demand > 50 MVA | F65: No | G65: 79.012455
C66: NSP95 | D66: 14 | E66: Sub transmission critical peak demand < 25 MVA & > 20 km from ts | F66: No | G66: 79.012455
C67: NAL96 | D67: 14 | E67: Sub transmission critical peak demand locational | F67: No | G67: 79.012455

Sheet Tariff structures
B2: Tariff structure and charging parameter
B4: Tariff structure | C4: Charging parameter | D4: Unit | E4: Tariff structure description
B5: 1 | C5: Standing charge | D5: $/yr
C6: Anytime | D6: c/kWh | E6: All energy
C7: Inclining block 1 | D7: c/kWh | E7: 1020 kWh/qtr
C8: Inclining block 2 | D8: c/kWh | E8: kWh balance
B10: 2 | C10: Standing charge | D10: $/yr
C11: Peak | D11: c/kWh | E11: 7:00 AM to 11:00 PM Monday to Friday
C12: Off peak | D12: c/kWh | E12: All other times
C13: Demand | D13: $/kW/mth | E13: 3:00PM to 9:00PM ADST Monday to Friday. Peak season - December to March, Off Peak - All other months
B15: 3 | C15: Standing charge | D15: $/yr
C16: Peak | D16: c/kWh | E16: 7:00 AM to 11:00 PM Monday to Friday
C17: Off peak | D17: c/kWh | E17: All other times
B19: 4 | C19: Standing charge | D19: $/yr
C20: Peak | D20: c/kWh | E20: 8:00 AM to 8:00 PM Monday to Friday
C21: Off peak | D21: c/kWh | E21: All other times
B23: 5 | C23: Standing charge | D23: $/yr
C24: Peak | D24: c/kWh | E24: 7:00 AM to 11:00 PM Monday to Sunday
C25: Off peak | D25: c/kWh | E25: All other times
B27: 6 | C27: Standing charge | D27: $/yr
C28: Energy | D28: c/kWh | E28: All energy
B30: 7 | C30: Standing charge | D30: $/yr
C31: Summer peak | D31: c/kWh | E31: 2:00 PM to 6:00 PM Monday to Friday, December to March
C32: Summer shoulder | D32: c/kWh | E32: 12:00 PM to 2:00 PM and 6:00 PM to 8:00 PM Monday to Friday, December to March
C33: Winter peak | D33: c/kWh | E33: 4:00 PM to 8:00 PM Monday to Friday, June to August
C34: Off peak | D34: c/kWh | E34: All other times
B36: 8 | C36: Standing charge | D36: $/yr
C37: Summer | E37: 2:00 AM AEST First Sunday in October to 2:00 AM AEST First Sunday in April
C38: Peak | D38: c/kWh | E38: 3:00 PM to 9:00 PM Monday to Friday
C39: Shoulder | D39: c/kWh | E39: 7:00 AM to 3:00 PM and 9:00 PM to 10:00 PM Monday to Friday, 7:00 AM to 10:00 PM Saturday to Sunday
C40: Off peak | D40: c/kWh | E40: All other times
E41: AEDT in summer, AEST all other times
B43: 9 | C43: Standing charge | D43: $/yr
C44: Dedicated circuit | D44: c/kWh | E44: 11:00 PM to 7:00 AM Monday to Sunday
B46: 10 | C46: Standing charge | D46: $/yr
C47: Dedicated circuit | D47: c/kWh | E47: 11:00 PM to 7:00 AM and 1:00 PM to 4:00 PM Monday to Sunday
B49: 11 | C49: Standing charge | D49: $/yr
C50: Dedicated circuit | D50: c/kWh | E50: 6 or 8 Hrs between 8:00 PM to 8:00 AM Monday to Sunday
B53: Tariff structure | C53: Charging parameter | D53: Unit | E53: Tariff structure description
B54: 12 | C54: Standing charge | D54: $/yr
C55: Peak | D55: c/kWh | E55: 1 May to 30 September
C56: Off peak | D56: c/kWh | E56: All other times
B58: Tariff structure | C58: Charging parameter | D58: Unit | E58: Tariff structure description
B59: 13 | C59: Standing charge | D59: $/yr
C60: Peak | D60: c/kWh | E60: 7:00 AM to 10:00 AM and 4:00 PM to 11:00 PM Monday to Friday
C61: Shoulder | D61: c/kWh | E61: 10:00 AM to 4:00 PM Monday to Friday
C62: Off peak | D62: c/kWh | E62: All other times
C63: Capacity | D63: $/kVA/yr | E63: Fixed value
C64: Critical peak demand | D64: $/kVA/yr | E64: Average of up to five values recorded between 3:00 PM and 7:00 PM ADST on days nominated in advance
B66: 14 | C66: Standing charge | D66: $/yr
C67: Peak | D67: c/kWh | E67: 7:00 AM to 11:00 PM Monday to Friday
C68: Off peak | D68: c/kWh | E68: All other times
C69: Capacity | D69: $/kVA/yr | E69: Fixed value
C70: Critical peak demand | D70: $/kVA/yr | E70: Average of up to five values recorded between 3:00 PM and 7:00 PM ADST on days nominated in advance
B72: 15 | C72: Standing charge | D72: $/yr
C73: Anytime | D73: c/kWh | E73: All energy
C74: Inclining block 1 | D74: c/kWh | E74: 1020 kWh/qtr
C75: Inclining block 2 | D75: c/kWh | E75: kWh balance
C76: Monthly demand | D76: $/kW/mth | E76: 3:00 PM to 9:00 PM ADST Monday to Friday. Peak season - December to March, Off Peak Season - All other months
B78: 16 | C78: Standing charge | D78: $/yr
C79: Peak | D79: c/kWh | E79: 3:00 PM to 9:00 PM Monday to Sunday*
C80: Off peak | D80: c/kWh | E80: All other times*
B82: 17 | C82: Standing charge | D82: $/yr
C83: Peak | D83: c/kWh | E83: 9:00 AM to 9:00 PM Monday to Friday*
C84: Off peak | D84: c/kWh | E84: All other times
B85: 18 | C85: Standing charge | D85: $/yr
C86: Peak | D86: c/kWh | E86: 4:00 PM to 9:00 PM Monday to Friday
C87: Shoulder | D87: c/kWh | E87: 10:00 AM to 4:00 PM Monday to Friday
C88: Off peak | D88: c/kWh | E88: All other times
C89: Capacity | D89: $/kVA/yr | E89: Fixed value
C90: Critical peak demand | D90: $/kVA/yr | E90: Average of up to five values recorded between 3:00 PM and 7:00 PM ADST on days nominated in advance
B93: 19 | C93: Standing charge | D93: $/yr
C94: Dedicated circuit | D94: c/kWh | E94: 12:00 AM to 12:00 AM Monday to Sunday
B95: 20 | C95: Standing charge | D95: $/yr
C96: Solar soak | D96: c/kWh | E96: 11:00 AM to 4:00 PM Monday to Sunday*
C97: Export charge | D97: c/kWh | E97: 11:00 AM to 4:00 PM Monday to Sunday*^
C98: Peak | D98: c/kWh | E98: 4:00 PM to 9:00 PM Monday to Sunday*
C99: Export reward | D99: c/kWh | E99: 4:00 PM to 9:00 PM Monday to Sunday*
C100: Off peak | D100: c/kWh | E100: All other times*
B101: 21 | C101: Standing charge | D101: $/yr
C102: Solar soak | D102: c/kWh | E102: 11:00 AM to 4:00 PM Monday to Sunday*
C103: Peak | D103: c/kWh | E103: 4:00 PM to 9:00 PM Monday to Sunday*
C104: Off peak | D104: c/kWh | E104: All other times*
B105: * Based on local time
B106: ^ Includes a BEL of 1 kWh per day
